ingrediente     ,     2 ,     3 ,     4 ,     5 ,    6 ,     7 ,     8 ,     9 ,    10 ,    11 ,   12 ,   13 ,    14 ,    15 ,    16 ,    17 ,    18 ,   19 ,   20 ,    21 ,    22 ,    23 ,    24 ,    25 ,   26 ,    27 ,    28 ,    29 ,    30 ,    31 ,    32 ,   33 ,   34 ,    35 ,    36 ,    37 ,    38 ,    39 ,    40 ,    41 ,    42 ,    43 ,    44 ,    45 ,    46 ,    47 ,    48 ,    49 ,    50 ,    51 ,    52 ,    53 ,    54 ,    55 ,    56 ,    57 ,    58 ,    59 ,    60 ,    61 ,    62 ,    63 ,    64 ,    65 ,    66 ,    67 ,    68 ,   69 ,    70 ,    71 ,    72 ,    73 ,    74 ,    75 ,   76 ,    77 ,    78 ,    79 ,    80 ,    81 ,    82 ,   83 ,    84 ,    85 ,    86 ,    87 ,    88 ,    89 ,   90 ,    91 ,    92 ,    93 ,    94 ,    95 ,    96 ,   97 ,    98 ,    99 ,   100 ,   101 ,   102 ,   103 ,   104 ,   105 ,   106 ,   107 ,   108 ,   109 ,   110 ,   111 ,   112 ,   113 ,   114 ,   115 ,   116 ,   117 ,   118 ,   119 ,   120 ,   121 ,   122 ,   123 ,   124 ,   125 ,   126 ,   127 ,   128 ,   129 ,   130 ,   131 ,   132 ,   133 ,   134 ,   135 ,   136 ,   137 ,   138 ,   139 ,   140 ,   141 ,   142 ,   143 ,   144 ,   145 ,   146 ,   147 ,   148 ,   149 ,   150 ,   151 ,   152 ,   153 ,   154 ,   155 ,   156 ,   157 ,   158 ,   159 ,   160 ,   161 ,   162 ,   163 ,   164 ,   165 ,   166 ,   167 ,   168 ,   169 ,   170 ,   171 ,   172 ,   173 ,   174 ,   175 ,   176 ,   177 ,   178 ,   179 ,   180 ,   181 ,   182 ,   183 ,   184 ,   185 ,   186 ,   187 ,   188 ,   189 ,   190 ,   191 ,   192 ,   193 ,   194 ,   195 ,   196 ,   197 ,   198 ,   199 ,   200 ,   201 ,   202 ,   203 ,   204 ,   205 ,   206 ,   207 ,   208 ,   209 ,   210 ,   211 ,   212 ,   213 ,   214 ,   215 ,   216 ,   217 ,   218 ,   219 ,   220 ,   221 ,   222 ,   223 ,   224 ,   225 ,    226 ,    227 ,   228 ,   229 ,   230 ,   231 ,   232 ,   233 ,   234 ,   235 ,   236 ,   237 ,   238 ,   239 ,   240 ,   241 ,   242 ,   243 ,   244 ,   245 ,   246 ,   247 ,   248 ,   249 ,   250 ,   251 ,   252 ,   253 ,   254 ,   255 ,   256 ,   257 ,   258 ,   259 ,   260 ,   261 ,   262 ,   263 ,   264 ,   265 ,   266 ,   267 ,   268 ,   269 ,   270 ,   271 ,   272 ,   273 ,   274 ,   275 ,   276 ,   277 ,  278 ,   279 ,   280 ,   281 ,   282 ,   283 ,   284 ,  285 ,  286 ,  287 ,  288 ,   289 ,   290 ,  291 ,   292 ,  293 ,   294 ,   295 ,   296 ,   297 ,   298 ,   299 ,   300 ,   301 ,   302 ,   303 ,   304 ,   305 ,   306 ,   307 ,   308 ,   309 ,   310 ,   311 ,   312 ,   313 ,   314 ,   315 ,   316 ,   317 ,   318 ,  319 ,  320 ,  322 ,  323 ,   324 ,   325 ,  326 ,  327 ,   329 ,  330 ,   331 ,   332 ,  333 ,  334 ,  336 ,  337 ,   338 ,   339 ,  343 ,  344 ,   345 ,   346 ,  347 ,  348 ,  350 ,   351 ,   352 ,   353 ,   354 ,   355 ,   356 ,   357 ,   358 ,   359 ,   360 ,   361 ,   362 ,   363 ,   364 ,   365
Harina de trigo ,463850 ,298950 ,138750 ,106150 ,97600 ,192100 ,192350 ,294750 ,241600 ,178450 ,80250 ,78150 ,185600 ,205700 ,273500 ,263850 ,174750 ,87300 ,93200 ,186400 ,217100 ,280100 ,235250 ,184350 ,93200 ,113750 ,168750 ,200050 ,301600 ,250650 ,168850 ,87650 ,90100 ,187100 ,228000 ,321350 ,285550 ,201800 ,101050 ,109700 ,184550 ,243250 ,338800 ,328500 ,283800 ,108500 ,155000 ,266800 ,316300 ,426300 ,376800 ,326900 ,187950 ,153450 ,359000 ,423350 ,597600 ,548350 ,338900 ,300000 ,122450 ,337450 ,401450 ,502200 ,409950 ,226700 ,209050 ,79950 ,231650 ,258300 ,377200 ,380050 ,223450 ,215250 ,79900 ,185600 ,253050 ,428400 ,346300 ,235400 ,196100 ,82950 ,233700 ,314600 ,348950 ,335150 ,234250 ,222050 ,81950 ,220750 ,279700 ,441450 ,506750 ,340650 ,247800 ,93300 ,227400 ,264650 ,384100 ,382600 ,279700 ,271000 ,241950 ,297250 ,482850 ,476850 ,687250 ,300300 ,353750 ,375750 ,363100 ,325700 ,460200 ,453400 ,257950 ,260050 ,259700 ,282200 ,406350 ,547550 ,471950 ,290900 ,144550 ,318750 ,284950 ,348200 ,512950 ,445500 ,263450 ,245500 ,330650 ,448600 ,578450 ,704000 ,571450 ,103850 ,107900 ,112150 ,129050 ,288850 ,507150 ,521400 ,466550 ,335150 ,486000 ,504200 ,556900 ,711700 ,464700 ,257700 ,273850 ,227300 ,262300 ,393500 ,594400 ,660650 ,260550 ,243650 ,243350 ,239300 ,343450 ,464700 ,477150 ,292850 ,265350 ,254700 ,245150 ,355850 ,516900 ,447550 ,302950 ,244050 ,252350 ,310500 ,353400 ,475450 ,502700 ,272750 ,248100 ,290600 ,303800 ,339500 ,570900 ,511750 ,349550 ,356700 ,371100 ,397350 ,524200 ,706200 ,714550 ,569100 ,557600 ,837650 ,747300 ,813650 ,963200 ,708700 ,611850 ,562900 ,577050 ,566550 ,678150 ,842900 ,799750 ,632800 ,554900 ,612300 ,578000 ,692400 ,886600 ,835850 ,700250 ,727200 ,655500 ,690050 ,727200 ,936850 ,979750 ,796000 ,759700 ,840250 ,853750 ,829850 ,1107000 ,1056050 ,761300 ,648950 ,805500 ,693300 ,708600 ,926550 ,773600 ,576550 ,574950 ,497900 ,538350 ,496550 ,649650 ,574350 ,396850 ,312900 ,164200 ,306800 ,386350 ,503650 ,450750 ,273800 ,268650 ,271600 ,305350 ,335750 ,518500 ,445850 ,280000 ,232250 ,242000 ,257000 ,313100 ,447400 ,233400 ,281800 ,237650 ,143500 ,249050 ,329000 ,461800 ,367100 ,252150 ,220400 ,248750 ,267450 ,124850 ,139800 ,192050 ,121250 ,97700 ,108600 ,120650 ,137500 ,191800 ,245050 ,111100 ,79250 ,92700 ,98050 ,93850 ,163300 ,214400 ,98200 ,125250 ,98100 ,126600 ,123350 ,207300 ,266800 ,155550 ,183350 ,172600 ,173400 ,177100 ,256400 ,359350 ,309400 ,175600 ,180700 ,152350 ,156150 ,192050 ,180700 ,124050 ,107150 ,111000 ,172500 ,109600 ,138850 ,193900 ,98750 ,77050 ,94000 ,99700 ,128750 ,164600 ,82450 ,79950 ,100800 ,85350 ,116800 ,172850 ,92200 ,97900 ,77350 ,86400 ,104300 ,175650 ,79300 ,82250 ,118950 ,163300 ,92950 ,89150 ,89550 ,123950 ,135250 ,191550 ,129000 ,130850 ,122350 ,148900 ,303250 ,205850 ,233350 ,181900 ,173600 ,150600 ,163200 ,263250
Sal             ,  9325 ,  6012 ,  2799 ,  2118 , 1938 ,  3848 ,  3854 ,  5944 ,  4834 ,  3577 , 1603 , 1525 ,  3688 ,  4107 ,  5524 ,  5263 ,  3473 , 1756 , 1844 ,  3704 ,  4359 ,  5662 ,  4753 ,  3688 , 1881 ,  2259 ,  3375 ,  3984 ,  6076 ,  5033 ,  3369 , 1751 , 1778 ,  3711 ,  4559 ,  6506 ,  5732 ,  4037 ,  2051 ,  2195 ,  3684 ,  4868 ,  6854 ,  6593 ,  5671 ,  2177 ,  3080 ,  5339 ,  6387 ,  8598 ,  7585 ,  6577 ,  3778 ,  3075 ,  7203 ,  8477 , 12040 , 11051 ,  6781 ,  5999 ,  2443 ,  6766 ,  8059 , 10138 ,  8224 ,  4524 ,  4182 , 1596 ,  4608 ,  5179 ,  7635 ,  7652 ,  4453 ,  4239 , 1570 ,  3700 ,  5068 ,  8617 ,  6980 ,  4687 ,  3904 , 1641 ,  4666 ,  6320 ,  7006 ,  6744 ,  4664 ,  4413 , 1644 ,  4400 ,  5612 ,  8918 , 10178 ,  6828 ,  4921 , 1852 ,  4568 ,  5303 ,  7707 ,  7713 ,  5589 ,  5402 ,  4863 ,  5954 ,  9720 ,  9577 , 13864 ,  5961 ,  7058 ,  7502 ,  7290 ,  6507 ,  9289 ,  9123 ,  5143 ,  5213 ,  5162 ,  5623 ,  8137 , 11002 ,  9453 ,  5801 ,  2908 ,  6319 ,  5677 ,  6995 , 10355 ,  8961 ,  5257 ,  4907 ,  6592 ,  9003 , 11598 , 14140 , 11417 ,  2072 ,  2158 ,  2237 ,  2581 ,  5759 , 10179 , 10390 ,  9360 ,  6692 ,  9758 , 10072 , 11131 , 14296 ,  9333 ,  5109 ,  5459 ,  4520 ,  5204 ,  7853 , 11976 , 13291 ,  5210 ,  4844 ,  4830 ,  4731 ,  6852 ,  9312 ,  9615 ,  5808 ,  5265 ,  5092 ,  4891 ,  7119 , 10386 ,  8961 ,  6080 ,  4858 ,  5060 ,  6201 ,  7079 ,  9586 , 10112 ,  5418 ,  4959 ,  5774 ,  6069 ,  6816 , 11493 , 10302 ,  6987 ,  7143 ,  7403 ,  7939 , 10526 , 14209 , 14377 , 11404 , 11160 , 16865 , 14906 , 16353 , 19322 , 14303 , 12305 , 11251 , 11514 , 11328 , 13546 , 16904 , 16043 , 12720 , 11149 , 12257 , 11547 , 13847 , 17756 , 16783 , 14024 , 14602 , 13121 , 13781 , 14560 , 18759 , 19675 , 15933 , 15210 , 16706 , 17011 , 16586 ,  22175 ,  21206 , 15253 , 12988 , 16123 , 13887 , 14078 , 18565 , 15523 , 11513 , 11508 ,  9926 , 10735 ,  9909 , 12990 , 11524 ,  7896 ,  6218 ,  3269 ,  6131 ,  7729 , 10124 ,  9033 ,  5442 ,  5371 ,  5410 ,  6075 ,  6739 , 10448 ,  8978 ,  5587 ,  4613 ,  4819 ,  5099 ,  6242 ,  9015 ,  4704 ,  5601 ,  4722 ,  2845 ,  4947 ,  6572 ,  9326 ,  7375 ,  5013 ,  4382 ,  4970 ,  5341 ,  2478 ,  2806 ,  3878 ,  2423 , 1925 ,  2157 ,  2402 ,  2742 ,  3827 ,  4938 ,  2220 , 1571 , 1837 , 1924 , 1867 ,  3314 ,  4324 , 1973 ,  2477 , 1933 ,  2529 ,  2449 ,  4157 ,  5378 ,  3121 ,  3666 ,  3436 ,  3485 ,  3542 ,  5171 ,  7248 ,  6239 ,  3511 ,  3611 ,  3047 ,  3113 ,  3839 ,  3643 ,  2449 ,  2115 ,  2201 ,  3459 ,  2207 ,  2805 ,  3911 , 1972 , 1525 , 1877 , 1984 ,  2585 ,  3305 , 1628 , 1583 ,  2016 , 1709 ,  2347 ,  3496 , 1842 , 1949 , 1531 , 1726 ,  2095 ,  3569 , 1571 , 1635 ,  2381 ,  3315 , 1831 , 1780 , 1759 ,  2486 ,  2715 ,  3864 ,  2594 ,  2609 ,  2438 ,  2989 ,  6122 ,  4159 ,  4770 ,  3666 ,  3480 ,  3021 ,  3260 ,  5296
Levadura        ,  4093 ,  2730 ,  1340 ,  1071 ,  911 ,  1893 ,  1745 ,  2678 ,  2208 ,  1718 ,  741 ,  730 ,  1710 ,  1848 ,  2434 ,  2497 ,  1667 ,  838 ,  875 ,  1832 ,  1980 ,  2500 ,  2280 ,  1751 ,  903 ,  1087 ,  1567 ,  1837 ,  2675 ,  2173 ,  1665 ,  866 ,  848 ,  1787 ,  2139 ,  2834 ,  2577 ,  1962 ,  1015 ,  1002 ,  1685 ,  2325 ,  3005 ,  2885 ,  2630 ,  1047 ,  1556 ,  2579 ,  2985 ,  3791 ,  3356 ,  3065 ,  1686 ,  1474 ,  3359 ,  3854 ,  5414 ,  4894 ,  3274 ,  2915 ,  1220 ,  3238 ,  3685 ,  4507 ,  3662 ,  2203 ,  1947 ,  737 ,  2163 ,  2330 ,  3296 ,  3408 ,  2129 ,  1952 ,  792 ,  1743 ,  2302 ,  3711 ,  3139 ,  2261 ,  1766 ,  741 ,  2225 ,  2844 ,  3033 ,  3067 ,  2292 ,  2055 ,  809 ,  2072 ,  2599 ,  4010 ,  4461 ,  3206 ,  2371 ,  830 ,  2144 ,  2514 ,  3367 ,  3599 ,  2711 ,  2540 ,  2296 ,  2885 ,  4386 ,  3979 ,  6115 ,  2759 ,  3276 ,  3494 ,  3407 ,  3003 ,  4061 ,  3987 ,  2394 ,  2507 ,  2488 ,  2607 ,  3755 ,  4759 ,  4248 ,  2791 ,  1429 ,  2947 ,  2769 ,  3232 ,  4510 ,  4122 ,  2508 ,  2318 ,  3193 ,  4150 ,  5217 ,  6067 ,  4837 ,  1036 ,  1062 ,  1102 ,  1221 ,  2588 ,  4401 ,  4546 ,  4083 ,  3193 ,  4478 ,  4517 ,  5050 ,  6043 ,  4143 ,  2524 ,  2581 ,  2175 ,  2478 ,  3579 ,  5092 ,  5593 ,  2540 ,  2313 ,  2206 ,  2239 ,  3019 ,  3991 ,  4225 ,  2779 ,  2493 ,  2421 ,  2364 ,  3223 ,  4510 ,  3875 ,  2832 ,  2248 ,  2388 ,  2914 ,  3319 ,  4122 ,  4503 ,  2597 ,  2448 ,  2799 ,  2837 ,  3186 ,  5125 ,  4629 ,  3313 ,  3322 ,  3483 ,  3808 ,  4804 ,  6263 ,  6442 ,  5344 ,  5236 ,  7623 ,  6550 ,  7351 ,  8260 ,  6059 ,  5583 ,  5128 ,  5305 ,  5138 ,  6095 ,  7267 ,  7035 ,  6097 ,  5218 ,  5525 ,  5405 ,  6162 ,  7576 ,  7440 ,  6209 ,  6797 ,  5974 ,  6297 ,  6540 ,  8291 ,  8668 ,  7189 ,  7041 ,  7390 ,  7492 ,  7246 ,   9335 ,   9022 ,  7157 ,  5915 ,  7233 ,  6314 ,  6198 ,  7881 ,  6691 ,  5256 ,  5260 ,  4704 ,  4816 ,  4537 ,  5664 ,  5226 ,  3596 ,  2737 ,  1570 ,  2848 ,  3548 ,  4472 ,  3861 ,  2580 ,  2532 ,  2519 ,  2806 ,  3134 ,  4521 ,  3953 ,  2667 ,  2173 ,  2267 ,  2348 ,  2855 ,  3937 ,  2092 ,  2667 ,  2287 ,  1314 ,  2219 ,  3050 ,  4081 ,  3270 ,  2404 ,  2095 ,  2308 ,  2504 ,  1152 ,  1186 ,  1658 ,  1182 ,  913 ,  1050 ,  1095 ,  1298 ,  1774 ,  2060 ,  1036 ,  742 ,  845 ,  932 ,  785 ,  1524 ,  1831 ,  983 ,  1167 ,  900 ,  1217 ,  1193 ,  1851 ,  2295 ,  1504 ,  1704 ,  1593 ,  1673 ,  1684 ,  2347 ,  3100 ,  2802 ,  1638 ,  1746 ,  1438 ,  1456 ,  1676 ,  1576 ,  1169 ,  1062 ,  1030 ,  1537 ,  1062 ,  1317 ,  1604 ,  963 ,  739 ,  918 ,  948 ,  1146 ,  1392 ,  794 ,  799 ,   982 ,  847 ,  1121 ,  1410 ,  884 ,  937 ,  733 ,  765 ,  1007 ,  1534 ,  684 ,  803 ,  1055 ,  1404 ,  902 ,  844 ,  834 ,  1083 ,  1243 ,  1622 ,  1185 ,  1195 ,  1202 ,  1452 ,  3006 ,  1790 ,  2129 ,  1747 ,  1645 ,  1423 ,  1576 ,  2542
Mantequilla     , 51050 , 29160 ,  8920 ,  5420 ,10890 , 11890 , 20130 , 27250 , 22710 , 13320 , 6670 , 5520 , 18490 , 21460 , 29250 , 23090 , 14350 , 6920 , 8330 , 11760 , 21890 , 29090 , 18220 , 16450 , 8020 ,  9570 , 19420 , 20300 , 33470 , 31110 ,  9040 , 4240 , 7450 , 15670 , 19250 , 37500 , 29200 , 16200 ,  7220 , 10780 , 18550 , 20270 , 39690 , 37560 , 25580 ,  8070 ,  9080 , 20810 , 27020 , 44570 , 42460 , 29700 , 18840 , 10820 , 31570 , 41430 , 57250 , 58770 , 23520 , 18440 ,  7650 , 24910 , 36480 , 49880 , 43630 , 17030 , 19870 , 8340 , 18860 , 25550 , 44200 , 39890 , 17960 , 22260 , 6420 , 16620 , 25220 , 49390 , 35660 , 18710 , 18880 , 8860 , 19130 , 31080 , 41810 , 29900 , 13950 , 19870 , 5040 , 19590 , 25790 , 41420 , 53230 , 28950 , 16960 ,10110 , 18070 , 20410 , 43350 , 30160 , 19390 , 23180 , 19780 , 19230 , 48610 , 64250 , 73690 , 28760 , 29630 , 29190 , 29910 , 28110 , 50390 , 51810 , 24300 , 20820 , 19720 , 25460 , 34670 , 59260 , 43560 , 22030 ,  7520 , 29520 , 22320 , 31490 , 57530 , 37840 , 20490 , 19770 , 23530 , 40490 , 59830 , 83580 , 75270 ,  6860 ,  8280 ,  8630 , 11880 , 30990 , 59020 , 59890 , 52120 , 24380 , 43240 , 57300 , 54680 , 88120 , 48210 , 16560 , 21080 , 17190 , 20970 , 42270 , 71240 , 83310 , 17460 , 21180 , 24690 , 19880 , 38410 , 57530 , 50510 , 21630 , 23200 , 21210 , 16680 , 33620 , 58280 , 51040 , 25110 , 21450 , 20020 , 27400 , 30670 , 53740 , 51070 , 19030 , 17550 , 21230 , 27980 , 29150 , 57840 , 47880 , 24610 , 29420 , 28840 , 29980 , 47900 , 74760 , 70980 , 43960 , 42880 , 79140 , 83260 , 79530 ,112550 , 90720 , 56110 , 55170 , 50910 , 56720 , 71220 , 99160 , 86890 , 43870 , 44420 , 57520 , 43750 , 70690 ,108120 , 85890 , 72580 , 60150 , 60710 , 63420 , 73450 , 97760 ,101730 , 74200 , 61790 , 88280 , 88760 , 86100 , 137070 , 125080 , 54060 , 57480 , 72480 , 61390 , 76200 ,111670 , 88200 , 52330 , 53400 , 34700 , 52700 , 40940 , 74820 , 52260 , 36660 , 34220 , 11770 , 25020 , 33980 , 50140 , 53850 , 21070 , 20900 , 24460 , 28500 , 33890 , 62180 , 48830 , 19150 , 19800 , 20850 , 21490 , 30970 , 50270 , 25050 , 18650 , 18360 , 12860 , 25520 , 30890 , 48670 , 39180 , 17530 , 18490 , 21520 , 23390 , 10950 , 16890 , 24050 ,  8810 , 8280 ,  8540 , 12310 , 12180 , 17560 , 31370 ,  9840 , 7120 , 8970 , 7120 ,13380 , 14570 , 26700 , 5670 ,  8400 , 9010 ,  9230 ,  9780 , 17390 , 31900 , 10520 , 15540 , 14720 , 10830 , 15240 , 25750 , 40800 , 28620 , 15910 , 12120 , 11290 , 12210 , 21760 , 21150 ,  9280 ,  6760 , 10230 , 18170 ,  8150 , 11750 , 26000 , 6540 , 6810 , 6500 , 8940 , 14300 , 20750 , 6220 , 5140 ,  6670 , 5190 ,  8340 , 26000 , 6510 , 8960 , 7820 ,12550 ,  7170 , 22800 , 9490 , 7670 , 13520 , 21850 , 6000 , 8740 , 8870 , 15890 , 14100 , 24200 , 14890 , 13330 ,  7520 , 13650 , 18920 , 23600 , 22450 , 12420 , 13540 , 13170 , 12850 , 22350
Az√∫car          ,  6980 ,  4030 ,  1230 ,  1110 , 1540 ,  1770 ,  2720 ,  3390 ,  2750 ,  1870 ,  860 ,  820 ,  2590 ,  2890 ,  3520 ,  2890 ,  2150 , 1030 , 1020 ,  1790 ,  3350 ,  3750 ,  3180 ,  2190 , 1120 ,  1320 ,  2490 ,  2790 ,  4820 ,  4430 ,  1240 ,  700 , 1070 ,  2580 ,  2820 ,  5600 ,  3910 ,  2560 ,  1070 ,  1260 ,  2880 ,  3440 ,  5950 ,  5030 ,  3390 ,  1100 ,  1340 ,  3590 ,  4120 ,  5340 ,  6870 ,  4200 ,  2610 ,  1230 ,  4930 ,  6020 ,  9160 ,  8340 ,  3630 ,  3030 ,  1130 ,  3640 ,  5680 ,  7110 ,  6240 ,  2630 ,  2230 , 1250 ,  2710 ,  3610 ,  6250 ,  5880 ,  2710 ,  3460 ,  900 ,  2310 ,  3760 ,  6540 ,  5460 ,  2940 ,  2540 ,  940 ,  2850 ,  4000 ,  6060 ,  4800 ,  2550 ,  2970 ,  710 ,  2890 ,  4280 ,  6370 ,  7260 ,  4570 ,  2800 , 1230 ,  2540 ,  3360 ,  6840 ,  4700 ,  2820 ,  3980 ,  3070 ,  3230 ,  6780 ,  7450 , 10440 ,  4010 ,  4440 ,  4610 ,  4980 ,  4070 ,  6510 ,  7300 ,  3100 ,  3500 ,  3650 ,  3300 ,  5060 ,  7840 ,  6050 ,  3770 ,  1240 ,  4450 ,  4240 ,  4800 ,  7330 ,  6290 ,  3550 ,  3010 ,  4130 ,  6600 ,  8580 , 11560 , 10450 ,  1280 ,  1360 ,  1070 ,  1980 ,  4730 ,  8060 ,  9710 ,  6930 ,  4300 ,  6650 ,  8390 ,  8060 , 11180 ,  6940 ,  2750 ,  3310 ,  2720 ,  3850 ,  6480 ,  9170 , 10320 ,  2720 ,  3370 ,  3640 ,  2780 ,  5310 ,  7200 ,  5780 ,  3030 ,  4210 ,  3070 ,  2800 ,  5020 ,  8040 ,  6590 ,  3750 ,  3030 ,  3410 ,  4350 ,  4480 ,  7220 ,  7100 ,  2960 ,  3410 ,  3240 ,  4060 ,  4060 ,  9340 ,  6680 ,  4100 ,  4500 ,  5450 ,  5260 ,  6970 , 10230 , 10560 ,  5920 ,  7020 , 12590 , 11130 , 10870 , 15230 , 11270 ,  8340 ,  7830 ,  8250 ,  7800 , 10310 , 14570 , 12210 ,  6940 ,  6770 ,  9220 ,  7230 , 10370 , 14680 , 12020 ,  9320 ,  8630 ,  9260 ,  9880 , 11500 , 13380 , 14200 , 10350 ,  9490 , 13730 , 12520 , 11250 ,  17540 ,  16890 ,  7960 ,  8170 , 10110 ,  8660 , 11960 , 14510 , 11320 ,  7400 ,  8790 ,  6440 ,  7330 ,  6330 , 11740 ,  7520 ,  5610 ,  4290 ,  2030 ,  3910 ,  5390 ,  7240 ,  7470 ,  3540 ,  2700 ,  3930 ,  4820 ,  5800 ,  9110 ,  6580 ,  2280 ,  3100 ,  3460 ,  3270 ,  4790 ,  7520 ,  3710 ,  2910 ,  2780 ,  2150 ,  3190 ,  5040 ,  6460 ,  5080 ,  2540 ,  2990 ,  2920 ,  3480 ,  1800 ,  2190 ,  3710 ,  1310 , 1290 ,  1220 ,  1870 ,  2120 ,  2700 ,  4200 ,  1260 ,  980 , 1410 , 1310 , 1530 ,  2120 ,  3630 ,  950 ,  1070 , 1380 ,  1470 ,  1290 ,  2020 ,  4500 ,  1450 ,  2010 ,  2130 ,  1630 ,  2120 ,  4430 ,  5580 ,  4470 ,  2440 ,  2170 ,  2250 ,  1910 ,  2630 ,  3210 ,  1060 ,  1130 ,  1520 ,  2460 ,  1240 ,  1860 ,  2690 , 1190 ,  860 ,  880 , 1430 ,  1840 ,  2650 , 1020 ,  790 ,   970 ,  890 ,   970 ,  2820 ,  800 , 1440 , 1130 , 1590 ,   900 ,  3060 , 1160 , 1010 ,  1440 ,  2860 , 1050 , 1220 , 1290 ,  1880 ,  2150 ,  2680 ,  2140 ,  1680 ,  1230 ,  2070 ,  3010 ,  2370 ,  2630 ,  1410 ,  1890 ,  1700 ,  2400 ,  3830
Chocolate       , 12700 ,  7100 ,  2400 ,   600 , 2400 ,  2800 ,  4150 ,  6050 ,  5750 ,  3600 , 1200 ,  700 ,  3800 ,  5100 ,  7250 ,  5700 ,  2800 , 1100 , 2300 ,  3000 ,  3900 ,  8000 ,  3350 ,  4550 , 1900 ,  2300 ,  4900 ,  5050 ,  8650 ,  6750 ,  2600 , 1150 , 1700 ,  2850 ,  5050 ,  8300 ,  6700 ,  4000 ,  1950 ,  2800 ,  5700 ,  3350 ,  9300 ,  9950 ,  5850 ,  2100 ,  2600 ,  5800 ,  6200 , 12200 ,  9000 ,  6800 ,  3850 ,  3400 ,  8200 , 10600 , 13500 , 17200 ,  5600 ,  4500 ,  2250 ,  5850 ,  9100 , 14250 , 11300 ,  4600 ,  6400 , 2000 ,  4100 ,  7050 , 11700 ,  9700 ,  5300 ,  5850 , 1800 ,  4600 ,  7500 , 12950 ,  8750 ,  3650 ,  4700 , 3000 ,  4100 ,  8100 ,  9700 ,  6650 ,  3050 ,  4600 , 1200 ,  5250 ,  6450 ,  8450 , 13350 ,  7200 ,  3350 , 2950 ,  4900 ,  4600 ,  9600 ,  7050 ,  4750 ,  5750 ,  3500 ,  5000 , 12800 , 15700 , 18800 ,  6600 ,  7050 ,  7400 ,  8550 ,  6750 , 12800 , 13800 ,  6600 ,  5050 ,  4100 ,  7100 ,  7400 , 13750 , 11650 ,  5000 ,  1850 ,  6500 ,  5150 ,  6500 , 16400 ,  8450 ,  4650 ,  5550 ,  5050 , 10100 , 14800 , 21450 , 17850 ,  1150 ,  1850 ,  2900 ,  2800 ,  7100 , 13950 , 12800 , 13650 ,  5100 ,  8700 , 12350 , 12500 , 21950 , 11800 ,  4150 ,  4150 ,  4150 ,  4650 ,  9100 , 18950 , 22300 ,  4400 ,  4950 ,  6250 ,  5900 ,  9600 , 15850 , 15150 ,  5500 ,  4950 ,  5250 ,  4150 ,  6550 , 14900 , 12000 ,  5250 ,  6500 ,  4600 ,  5900 ,  6950 , 12700 , 11300 ,  4200 ,  3850 ,  5600 ,  7700 ,  8350 , 12100 , 11750 ,  5450 ,  7350 ,  7050 ,  6450 , 10650 , 18450 , 16350 , 11750 ,  8550 , 16500 , 19500 , 18450 , 25500 , 21550 , 10100 , 13300 , 11000 , 14100 , 16350 , 22500 , 19750 ,  9000 , 10050 , 12800 ,  9300 , 16800 , 26250 , 20150 , 19550 , 15300 , 14650 , 14050 , 17250 , 21700 , 24700 , 17050 , 13400 , 16400 , 19800 , 19050 ,  34400 ,  31600 , 11950 , 13850 , 17150 , 14600 , 15650 , 26950 , 24150 , 12450 , 11150 ,  5500 , 13450 , 10000 , 15750 , 12100 ,  7800 ,  9750 ,  1750 ,  5150 ,  7250 , 11150 , 13450 ,  3600 ,  5950 ,  5850 ,  5700 ,  7050 , 14250 , 11650 ,  5700 ,  4550 ,  5050 ,  5450 ,  6900 , 11350 ,  4700 ,  3850 ,  4800 ,  2350 ,  7200 ,  7550 , 11500 ,  9250 ,  4400 ,  4950 ,  6900 ,  5400 ,  2600 ,  4500 ,  5900 ,  2250 , 2500 ,  2300 ,  2700 ,  3100 ,  4250 ,  7900 ,  2200 , 1700 , 2850 , 1600 , 3100 ,  2500 ,  6400 ,  850 ,  2300 , 2050 ,  2000 ,  2100 ,  4700 ,  7750 ,  2800 ,  4150 ,  5200 ,  2900 ,  4200 ,  5300 , 11050 ,  8700 ,  4150 ,  2000 ,  2750 ,  2550 ,  6150 ,  5300 ,  3050 ,  1250 ,  3150 ,  4300 ,  2100 ,  2650 ,  7300 ,  450 , 1900 , 1300 , 1300 ,  3450 ,  4850 , 1350 , 1600 ,  1200 , 1900 ,  2100 ,  6750 , 1900 , 2450 , 1950 , 3100 ,  2100 ,  5350 , 1600 , 2600 ,  3950 ,  5550 , 1200 , 1850 , 1700 ,  4500 ,  3000 ,  6600 ,  3700 ,  3400 ,  1600 ,  3200 ,  3850 ,  6100 ,  6400 ,  3750 ,  2700 ,  4050 ,  2700 ,  3400
Emmental        ,  1000 ,   300 ,   100 ,   100 ,  200 ,   200 ,   400 ,     0 ,   300 ,   600 ,  100 ,  600 ,   700 ,   800 ,     0 ,   700 ,  1000 ,  100 ,  400 ,   300 ,   200 ,   200 ,   100 ,   500 ,  100 ,   100 ,   100 ,   500 ,   100 ,   300 ,   200 ,  200 ,  500 ,   600 ,   500 ,     0 ,   500 ,   500 ,   100 ,   400 ,   500 ,   600 ,   200 ,   300 ,   400 ,   100 ,   400 ,   300 ,   100 ,   100 ,   300 ,   500 ,   200 ,   600 ,   100 ,   900 ,   500 ,   600 ,   600 ,   700 ,     0 ,   300 ,   400 ,   400 ,   400 ,   400 ,   600 ,  200 ,   800 ,   500 ,     0 ,   700 ,   800 ,   300 ,  100 ,   600 ,   100 ,   200 ,   300 ,   800 ,   900 ,  300 ,   400 ,   400 ,   300 ,   500 ,  1000 ,   600 ,  200 ,   200 ,   200 ,   100 ,   400 ,   500 ,   800 ,  300 ,   100 ,   300 ,  1000 ,   300 ,   700 ,   400 ,   400 ,   400 ,   300 ,     0 ,   700 ,   800 ,   900 ,   700 ,   800 ,   800 ,   200 ,   300 ,   500 ,   600 ,   600 ,   800 ,   600 ,   300 ,   300 ,   900 ,   100 ,   600 ,   600 ,   200 ,   400 ,   700 ,   700 ,   600 ,   900 ,   200 ,   400 ,   400 ,  1100 ,   300 ,   400 ,   400 ,   400 ,  1200 ,   600 ,   700 ,   100 ,   900 ,   200 ,   500 ,   900 ,   600 ,   800 ,  1300 ,   900 ,   700 ,  1600 ,  1100 ,   700 ,   800 ,   300 ,   400 ,  1200 ,   900 ,   800 ,   400 ,   300 ,  1400 ,  1000 ,   300 ,   400 ,   600 ,   400 ,   700 ,   300 ,  1000 ,   600 ,   500 ,   600 ,   200 ,   100 ,   900 ,   500 ,   900 ,   400 ,   500 ,   200 ,   400 ,  1300 ,   600 ,   700 ,   900 ,   500 ,   800 ,   400 ,   800 ,  1400 ,   200 ,  1800 ,  1400 ,   500 ,   600 ,   800 ,  1100 ,  1300 ,  1600 ,  1100 ,   300 ,   700 ,   600 ,   600 ,   600 ,  1000 ,  1200 ,  1100 ,   700 ,   900 ,   500 ,   800 ,   600 ,  1000 ,   800 ,   900 ,  1000 ,   700 ,  1900 ,  1800 ,  1000 ,    600 ,    400 ,   800 ,   900 ,  1400 ,   700 ,  1500 ,   100 ,   500 ,   900 ,  1000 ,  1000 ,  1500 ,  1200 ,  1100 ,  1300 ,  1300 ,   600 ,   600 ,   600 ,   900 ,   700 ,  1000 ,   600 ,   500 ,   800 ,  1000 ,   700 ,   400 ,   400 ,  1000 ,   500 ,  1000 ,  1200 ,   600 ,   100 ,     0 ,  1500 ,  1300 ,   800 ,  1100 ,   200 ,   100 ,   400 ,   900 ,   700 ,   600 ,  1200 ,   500 ,   200 ,     0 ,   300 ,  400 ,   200 ,   300 ,   400 ,   300 ,   100 ,   200 ,  100 ,  600 ,  600 ,  400 ,   100 ,     0 ,  100 ,   500 ,  300 ,   400 ,   400 ,   200 ,     0 ,   100 ,   200 ,   600 ,   400 ,   200 ,     0 ,     0 ,   100 ,   300 ,   100 ,   200 ,   300 ,   300 ,     0 ,   400 ,   300 ,   400 ,   100 ,     0 ,     0 ,     0 ,  200 ,  300 ,    0 ,  200 ,     0 ,     0 ,  100 ,  200 ,   100 ,  200 ,   200 ,     0 ,  300 ,  300 ,  100 ,    0 ,   100 ,     0 ,  200 ,  100 ,   100 ,     0 ,  500 ,  200 ,  600 ,   200 ,     0 ,     0 ,   200 ,   400 ,   100 ,     0 ,   100 ,     0 ,     0 ,   100 ,   200 ,   100 ,     0 ,     0
Pasas           ,     0 ,     0 ,     0 ,     0 ,    0 ,     0 ,     0 ,     0 ,     0 ,     0 ,    0 ,    0 ,     0 ,     0 ,     0 ,     0 ,     0 ,    0 ,    0 ,     0 ,     0 ,     0 ,     0 ,     0 ,    0 ,     0 ,     0 ,     0 ,     0 ,     0 ,     0 ,    0 ,    0 ,     0 ,     0 ,     0 ,     0 ,     0 ,     0 ,     0 ,     0 ,     0 ,     0 ,     0 ,     0 ,     0 ,     0 ,     0 ,     0 ,     0 ,     0 ,     0 ,     0 ,     0 ,     0 ,     0 ,     0 ,     0 ,     0 ,     0 ,     0 ,     0 ,     0 ,     0 ,     0 ,     0 ,     0 ,    0 ,     0 ,     0 ,     0 ,     0 ,     0 ,     0 ,    0 ,     0 ,     0 ,     0 ,     0 ,     0 ,     0 ,    0 ,     0 ,     0 ,     0 ,     0 ,     0 ,     0 ,    0 ,     0 ,     0 ,     0 ,     0 ,     0 ,     0 ,    0 ,     0 ,     0 ,     0 ,     0 ,     0 ,     0 ,     0 ,     0 ,     0 ,     0 ,     0 ,     0 ,     0 ,     0 ,     0 ,     0 ,     0 ,     0 ,     0 ,     0 ,     0 ,     0 ,     0 ,     0 ,     0 ,     0 ,     0 ,     0 ,     0 ,     0 ,     0 ,     0 ,     0 ,     0 ,     0 ,     0 ,     0 ,     0 ,     0 ,     0 ,     0 ,     0 ,     0 ,     0 ,     0 ,     0 ,     0 ,     0 ,     0 ,     0 ,     0 ,     0 ,     0 ,     0 ,     0 ,     0 ,     0 ,     0 ,     0 ,     0 ,     0 ,     0 ,     0 ,     0 ,     0 ,     0 ,     0 ,     0 ,     0 ,     0 ,     0 ,     0 ,     0 ,     0 ,     0 ,     0 ,     0 ,     0 ,     0 ,     0 ,     0 ,     0 ,     0 ,     0 ,     0 ,     0 ,     0 ,     0 ,     0 ,     0 ,     0 ,     0 ,     0 ,     0 ,     0 ,     0 ,     0 ,     0 ,     0 ,     0 ,     0 ,     0 ,     0 ,     0 ,     0 ,     0 ,     0 ,     0 ,     0 ,     0 ,     0 ,     0 ,     0 ,     0 ,     0 ,     0 ,     0 ,     0 ,     0 ,     0 ,     0 ,     0 ,     0 ,     0 ,     0 ,     0 ,     0 ,     0 ,      0 ,      0 ,     0 ,     0 ,     0 ,     0 ,     0 ,     0 ,     0 ,     0 ,     0 ,     0 ,     0 ,     0 ,     0 ,     0 ,     0 ,     0 ,     0 ,     0 ,     0 ,     0 ,     0 ,     0 ,     0 ,     0 ,     0 ,     0 ,     0 ,     0 ,     0 ,     0 ,     0 ,     0 ,     0 ,     0 ,     0 ,     0 ,     0 ,     0 ,     0 ,     0 ,     0 ,     0 ,     0 ,     0 ,     0 ,     0 ,     0 ,     0 ,     0 ,     0 ,    0 ,     0 ,     0 ,     0 ,     0 ,     0 ,     0 ,    0 ,    0 ,    0 ,    0 ,     0 ,     0 ,    0 ,     0 ,    0 ,     0 ,     0 ,     0 ,     0 ,     0 ,     0 ,     0 ,     0 ,     0 ,     0 ,     0 ,     0 ,     0 ,     0 ,     0 ,     0 ,     0 ,     0 ,     0 ,     0 ,     0 ,     0 ,     0 ,     0 ,     0 ,    0 ,    0 ,    0 ,    0 ,     0 ,     0 ,    0 ,    0 ,     0 ,    0 ,     0 ,     0 ,    0 ,    0 ,    0 ,    0 ,     0 ,     0 ,    0 ,    0 ,     0 ,     0 ,    0 ,    0 ,    0 ,     0 ,     0 ,     0 ,     0 ,     0 ,     0 ,     0 ,     0 ,     0 ,     0 ,     0 ,     0 ,     0 ,     0 ,     0
Leche           , 12200 ,  7470 ,  2180 ,  2080 , 3030 ,  3960 ,  5460 ,  6570 ,  5270 ,  4040 , 1510 , 1340 ,  4760 ,  5420 ,  6470 ,  5910 ,  4250 , 1870 , 2010 ,  4170 ,  5180 ,  6930 ,  5550 ,  4960 , 2280 ,  3100 ,  5240 ,  5740 ,  7960 ,  7380 ,  2790 , 1710 , 2240 ,  5080 ,  5200 ,  9130 ,  7090 ,  5110 ,  2120 ,  2730 ,  5440 ,  6310 ,  9690 ,  9130 ,  6340 ,  2280 ,  3360 ,  6590 ,  7600 , 10300 , 10930 ,  7530 ,  4590 ,  2860 ,  8970 , 11090 , 15480 , 14860 ,  7270 ,  6560 ,  2980 ,  7200 , 10310 , 12230 , 10830 ,  5700 ,  5030 , 2170 ,  5710 ,  6700 , 10420 , 10350 ,  5780 ,  6520 , 2180 ,  4530 ,  7680 , 11260 ,  9710 ,  6020 ,  5080 , 2090 ,  5950 ,  7540 , 10650 ,  7850 ,  5190 ,  5720 , 1760 ,  6010 ,  8350 , 10370 , 12220 ,  8430 ,  5850 , 2650 ,  5050 ,  6560 , 11440 ,  8320 ,  6270 ,  6940 ,  5310 ,  6790 , 12480 , 13430 , 18240 ,  7790 ,  7580 ,  8530 ,  8800 ,  8180 , 11390 , 12610 ,  6640 ,  6440 ,  6400 ,  7990 ,  9910 , 12570 , 11120 ,  7240 ,  2560 ,  8530 ,  7810 ,  9170 , 13200 , 10400 ,  6460 ,  5840 ,  7800 , 11480 , 15460 , 18530 , 17010 ,  2790 ,  2770 ,  2750 ,  3880 ,  8710 , 14100 , 14770 , 11940 ,  7740 , 11280 , 15050 , 14150 , 18410 , 11710 ,  5720 ,  5940 ,  5700 ,  7320 , 12230 , 15360 , 17330 ,  5960 ,  6560 ,  6790 ,  6220 ,  9610 , 13500 , 11250 ,  6600 ,  7810 ,  6430 ,  5780 ,  9290 , 13910 , 11230 ,  6740 ,  6210 ,  6410 ,  7910 ,  8960 , 11900 , 12400 ,  5940 ,  6510 ,  7120 ,  8420 ,  8600 , 15070 , 11820 ,  7640 ,  8390 ,  9070 ,  9800 , 12470 , 17110 , 17860 , 12210 , 12740 , 20440 , 19700 , 18890 , 23750 , 19500 , 13610 , 14340 , 14510 , 14810 , 17880 , 22880 , 19490 , 13290 , 12290 , 15320 , 12760 , 17770 , 23940 , 19380 , 16910 , 16720 , 15840 , 16520 , 19170 , 22490 , 23980 , 17680 , 16720 , 21300 , 20480 , 18470 ,  28300 ,  26600 , 14860 , 14680 , 16760 , 15360 , 18880 , 23390 , 19400 , 12820 , 15200 , 10500 , 13330 , 10590 , 18150 , 13040 ,  9460 ,  8130 ,  3460 ,  7200 ,  9720 , 11860 , 12080 ,  6010 ,  5770 ,  6820 ,  8190 ,  9750 , 14360 , 11100 ,  5250 ,  5770 ,  6100 ,  5760 ,  8770 , 11900 ,  6460 ,  5060 ,  5810 ,  3250 ,  6190 ,  8990 , 10610 ,  8930 ,  5060 ,  5510 ,  5590 ,  6720 ,  3450 ,  3730 ,  6110 ,  2720 , 2640 ,  2690 ,  3360 ,  3860 ,  4900 ,  6430 ,  2600 , 1960 , 2910 , 2760 , 3040 ,  3580 ,  5940 , 2010 ,  2560 , 2580 ,  2770 ,  2950 ,  4070 ,  7150 ,  2750 ,  3950 ,  4330 ,  3480 ,  4470 ,  7010 ,  9360 ,  7100 ,  4170 ,  4100 ,  3740 ,  3780 ,  4920 ,  5250 ,  2240 ,  2090 ,  2950 ,  4290 ,  2580 ,  3400 ,  5190 , 1970 , 2260 , 1900 , 2610 ,  3450 ,  4350 , 1920 , 2020 ,  1870 , 2010 ,  2210 ,  4980 , 1990 , 2780 , 2150 , 3670 ,  2140 ,  5150 , 2010 , 2750 ,  2900 ,  4870 , 2130 , 2380 , 2200 ,  4100 ,  4070 ,  4810 ,  3410 ,  3380 ,  2930 ,  4420 ,  7170 ,  4770 ,  4410 ,  3210 ,  3640 ,  3970 ,  4350 ,  7360
