article,2021-01-02,2021-01-03,2021-01-04,2021-01-05,2021-01-07,2021-01-08,2021-01-09,2021-01-10,2021-01-11,2021-01-12,2021-01-14,2021-01-15,2021-01-16,2021-01-17,2021-01-18,2021-01-19,2021-01-21,2021-01-22,2021-01-23,2021-01-24,2021-01-25,2021-01-26,2021-01-28,2021-01-29,2021-01-30,2021-01-31,2021-02-01,2021-02-02,2021-02-04,2021-02-05,2021-02-06,2021-02-07,2021-02-08,2021-02-09,2021-02-11,2021-02-12,2021-02-13,2021-02-14,2021-02-15,2021-02-16,2021-02-18,2021-02-19,2021-02-20,2021-02-21,2021-02-22,2021-02-23,2021-02-25,2021-02-26,2021-02-27,2021-02-28,2021-03-01,2021-03-02,2021-03-04,2021-03-05,2021-03-06,2021-03-07,2021-03-08,2021-03-09,2021-03-11,2021-03-12,2021-03-13,2021-03-14,2021-03-15,2021-03-16,2021-03-18,2021-03-19,2021-03-20,2021-03-21,2021-03-22,2021-03-23,2021-03-25,2021-03-26,2021-03-27,2021-03-28,2021-03-29,2021-03-30,2021-04-01,2021-04-02,2021-04-03,2021-04-04,2021-04-05,2021-04-06,2021-04-08,2021-04-09,2021-04-10,2021-04-11,2021-04-12,2021-04-13,2021-04-14,2021-04-15,2021-04-16,2021-04-17,2021-04-18,2021-04-19,2021-04-20,2021-04-21,2021-04-22,2021-04-23,2021-04-24,2021-04-25,2021-04-26,2021-04-27,2021-04-28,2021-04-29,2021-04-30,2021-05-01,2021-05-02,2021-05-03,2021-05-04,2021-05-05,2021-05-06,2021-05-07,2021-05-08,2021-05-09,2021-05-10,2021-05-11,2021-05-12,2021-05-13,2021-05-14,2021-05-15,2021-05-16,2021-05-21,2021-05-22,2021-05-23,2021-05-24,2021-05-25,2021-05-26,2021-05-27,2021-05-28,2021-05-29,2021-05-30,2021-05-31,2021-06-01,2021-06-02,2021-06-03,2021-06-04,2021-06-05,2021-06-06,2021-06-07,2021-06-08,2021-06-09,2021-06-10,2021-06-11,2021-06-12,2021-06-13,2021-06-14,2021-06-15,2021-06-16,2021-06-17,2021-06-18,2021-06-19,2021-06-20,2021-06-21,2021-06-22,2021-06-23,2021-06-24,2021-06-25,2021-06-26,2021-06-27,2021-06-28,2021-06-29,2021-06-30,2021-07-01,2021-07-02,2021-07-03,2021-07-04,2021-07-05,2021-07-06,2021-07-07,2021-07-08,2021-07-09,2021-07-10,2021-07-11,2021-07-12,2021-07-13,2021-07-14,2021-07-15,2021-07-16,2021-07-17,2021-07-18,2021-07-19,2021-07-20,2021-07-21,2021-07-22,2021-07-23,2021-07-24,2021-07-25,2021-07-26,2021-07-27,2021-07-28,2021-07-29,2021-07-30,2021-07-31,2021-08-01,2021-08-02,2021-08-03,2021-08-04,2021-08-05,2021-08-06,2021-08-07,2021-08-08,2021-08-09,2021-08-10,2021-08-11,2021-08-12,2021-08-13,2021-08-14,2021-08-15,2021-08-16,2021-08-17,2021-08-18,2021-08-19,2021-08-20,2021-08-21,2021-08-22,2021-08-23,2021-08-24,2021-08-25,2021-08-26,2021-08-27,2021-08-28,2021-08-29,2021-08-30,2021-08-31,2021-09-01,2021-09-02,2021-09-03,2021-09-04,2021-09-05,2021-09-06,2021-09-07,2021-09-08,2021-09-09,2021-09-10,2021-09-11,2021-09-12,2021-09-13,2021-09-14,2021-09-15,2021-09-16,2021-09-17,2021-09-18,2021-09-19,2021-09-20,2021-09-21,2021-09-22,2021-09-23,2021-09-24,2021-09-25,2021-09-26,2021-09-27,2021-09-28,2021-09-29,2021-09-30,2021-10-01,2021-10-02,2021-10-03,2021-10-04,2021-10-05,2021-10-06,2021-10-07,2021-10-08,2021-10-09,2021-10-10,2021-10-11,2021-10-12,2021-10-13,2021-10-14,2021-10-15,2021-10-16,2021-10-17,2021-10-18,2021-10-19,2021-10-20,2021-10-21,2021-10-22,2021-10-23,2021-10-24,2021-10-25,2021-10-26,2021-10-27,2021-10-28,2021-10-29,2021-10-30,2021-10-31,2021-11-01,2021-11-02,2021-11-03,2021-11-04,2021-11-05,2021-11-06,2021-11-07,2021-11-08,2021-11-09,2021-11-10,2021-11-11,2021-11-12,2021-11-13,2021-11-14,2021-11-15,2021-11-16,2021-11-18,2021-11-19,2021-11-20,2021-11-21,2021-11-22,2021-11-23,2021-11-25,2021-11-26,2021-11-27,2021-11-28,2021-11-29,2021-11-30,2021-12-02,2021-12-03,2021-12-04,2021-12-05,2021-12-09,2021-12-10,2021-12-11,2021-12-12,2021-12-13,2021-12-14,2021-12-16,2021-12-17,2021-12-18,2021-12-19,2021-12-20,2021-12-21,2021-12-22,2021-12-23,2021-12-24,2021-12-25,2021-12-26,2021-12-27,2021-12-28,2021-12-29,2021-12-30,2021-12-31,2022-01-02,2022-01-03,2022-01-04,2022-01-06,2022-01-07,2022-01-08,2022-01-09,2022-01-10,2022-01-11,2022-01-13,2022-01-14,2022-01-15,2022-01-16,2022-01-17,2022-01-18,2022-01-20,2022-01-21,2022-01-22,2022-01-23,2022-01-24,2022-01-25,2022-01-27,2022-01-28,2022-01-29,2022-01-30,2022-01-31,2022-02-01,2022-02-03,2022-02-04,2022-02-05,2022-02-06,2022-02-07,2022-02-08,2022-02-10,2022-02-11,2022-02-12,2022-02-13,2022-02-14,2022-02-15,2022-02-17,2022-02-18,2022-02-19,2022-02-20,2022-02-21,2022-02-22,2022-02-24,2022-02-25,2022-02-26,2022-02-27,2022-02-28,2022-03-01,2022-03-02,2022-03-03,2022-03-04,2022-03-05,2022-03-06,2022-03-07,2022-03-08,2022-03-09,2022-03-10,2022-03-11,2022-03-12,2022-03-13,2022-03-14,2022-03-15,2022-03-16,2022-03-17,2022-03-18,2022-03-19,2022-03-20,2022-03-21,2022-03-22,2022-03-23,2022-03-24,2022-03-25,2022-03-26,2022-03-27,2022-03-28,2022-03-29,2022-03-30,2022-03-31,2022-04-01,2022-04-02,2022-04-03,2022-04-04,2022-04-05,2022-04-06,2022-04-07,2022-04-08,2022-04-09,2022-04-10,2022-04-11,2022-04-12,2022-04-13,2022-04-14,2022-04-15,2022-04-16,2022-04-17,2022-04-18,2022-04-19,2022-04-20,2022-04-21,2022-04-22,2022-04-23,2022-04-24,2022-04-25,2022-04-26,2022-04-27,2022-04-28,2022-04-29,2022-04-30,2022-05-01,2022-05-02,2022-05-03,2022-05-05,2022-05-06,2022-05-07,2022-05-08,2022-05-09,2022-05-10,2022-05-11,2022-05-12,2022-05-13,2022-05-14,2022-05-15,2022-05-16,2022-05-17,2022-05-18,2022-05-19,2022-05-20,2022-05-21,2022-05-22,2022-05-23,2022-05-24,2022-05-25,2022-05-26,2022-05-27,2022-05-28,2022-05-29,2022-05-30,2022-05-31,2022-06-01,2022-06-02,2022-06-03,2022-06-04,2022-06-05,2022-06-06,2022-06-07,2022-06-08,2022-06-09,2022-06-10,2022-06-11,2022-06-12,2022-06-13,2022-06-14,2022-06-15,2022-06-16,2022-06-17,2022-06-18,2022-06-19,2022-06-20,2022-06-21,2022-06-22,2022-06-23,2022-06-24,2022-06-25,2022-06-26,2022-06-27,2022-06-28,2022-06-29,2022-06-30,2022-07-01,2022-07-02,2022-07-03,2022-07-04,2022-07-05,2022-07-06,2022-07-07,2022-07-08,2022-07-09,2022-07-10,2022-07-11,2022-07-12,2022-07-13,2022-07-14,2022-07-15,2022-07-16,2022-07-17,2022-07-18,2022-07-19,2022-07-20,2022-07-21,2022-07-22,2022-07-23,2022-07-24,2022-07-25,2022-07-26,2022-07-27,2022-07-28,2022-07-29,2022-07-30,2022-07-31,2022-08-01,2022-08-02,2022-08-03,2022-08-04,2022-08-05,2022-08-06,2022-08-07,2022-08-08,2022-08-09,2022-08-10,2022-08-11,2022-08-12,2022-08-13,2022-08-14,2022-08-15,2022-08-16,2022-08-17,2022-08-18,2022-08-19,2022-08-20,2022-08-21,2022-08-22,2022-08-23,2022-08-24,2022-08-25,2022-08-26,2022-08-27,2022-08-28,2022-08-29,2022-08-30,2022-08-31,2022-09-02,2022-09-03,2022-09-04,2022-09-05,2022-09-06,2022-09-07,2022-09-08,2022-09-09,2022-09-10,2022-09-11,2022-09-12,2022-09-13,2022-09-14,2022-09-15,2022-09-16,2022-09-17,2022-09-18,2022-09-20,2022-09-21,2022-09-22,2022-09-23,2022-09-24,2022-09-25,2022-09-26,2022-09-27,2022-09-28,2022-09-29,2022-09-30
BAGUETTE,46.0,35.0,30.0,29.0,28.0,17.0,25.0,36.0,31.0,29.0,24.0,19.0,28.0,37.0,27.0,20.0,22.0,28.0,28.0,35.0,24.0,34.0,18.0,27.0,34.0,30.0,15.0,24.0,26.0,30.0,20.0,30.0,22.0,30.0,17.0,18.0,27.0,50.0,25.0,22.0,33.0,28.0,28.0,54.0,49.0,31.0,36.0,31.0,53.0,75.0,36.0,31.0,37.0,44.0,48.0,49.0,21.0,36.0,23.0,35.0,35.0,48.0,29.0,26.0,17.0,28.0,41.0,38.0,24.0,23.0,25.0,34.0,39.0,49.0,45.0,30.0,29.0,35.0,36.0,91.0,44.0,29.0,31.0,26.0,32.0,53.0,31.0,29.0,16.0,24.0,35.0,33.0,41.0,27.0,29.0,25.0,30.0,34.0,41.0,53.0,26.0,32.0,23.0,28.0,25.0,31.0,48.0,29.0,26.0,30.0,22.0,29.0,52.0,45.0,26.0,39.0,41.0,57.0,65.0,83.0,73.0,22.0,44.0,68.0,51.0,37.0,19.0,32.0,19.0,50.0,55.0,27.0,29.0,20.0,19.0,31.0,70.0,78.0,28.0,29.0,24.0,29.0,22.0,40.0,54.0,39.0,19.0,22.0,28.0,26.0,50.0,60.0,38.0,35.0,22.0,34.0,23.0,50.0,51.0,18.0,27.0,21.0,27.0,21.0,35.0,58.0,34.0,37.0,40.0,33.0,36.0,36.0,75.0,49.0,50.0,63.0,49.0,62.0,55.0,105.0,42.0,56.0,55.0,62.0,56.0,59.0,89.0,56.0,39.0,48.0,56.0,63.0,50.0,78.0,69.0,84.0,57.0,46.0,51.0,64.0,88.0,69.0,58.0,69.0,80.0,56.0,64.0,103.0,53.0,55.0,55.0,53.0,55.0,74.0,68.0,69.0,81.0,55.0,65.0,38.0,65.0,76.0,33.0,35.0,33.0,29.0,36.0,49.0,76.0,38.0,47.0,18.0,39.0,32.0,67.0,68.0,47.0,24.0,24.0,37.0,29.0,48.0,39.0,29.0,24.0,3.0,27.0,43.0,42.0,45.0,24.0,27.0,17.0,22.0,27.0,32.0,41.0,29.0,24.0,21.0,33.0,24.0,44.0,48.0,28.0,15.0,11.0,21.0,18.0,27.0,49.0,28.0,19.0,14.0,33.0,31.0,48.0,54.0,40.0,38.0,23.0,24.0,38.0,46.0,55.0,31.0,27.0,47.0,25.0,33.0,27.0,31.0,62.0,43.0,17.0,30.0,16.0,25.0,38.0,27.0,16.0,20.0,26.0,38.0,36.0,14.0,23.0,25.0,18.0,35.0,45.0,28.0,21.0,16.0,27.0,20.0,40.0,21.0,18.0,33.0,33.0,19.0,18.0,19.0,30.0,36.0,35.0,26.0,27.0,18.0,29.0,36.0,32.0,32.0,36.0,41.0,35.0,29.0,49.0,55.0,15.0,1.0,23.0,14.0,20.0,27.0,23.0,16.0,15.0,19.0,27.0,33.0,19.0,18.0,20.0,23.0,28.0,51.0,19.0,24.0,28.0,23.0,24.0,35.0,17.0,25.0,23.0,21.0,24.0,55.0,27.0,30.0,24.0,23.0,21.0,45.0,28.0,31.0,35.0,39.0,45.0,43.0,24.0,31.0,31.0,35.0,38.0,61.0,23.0,28.0,10.0,24.0,26.0,39.0,47.0,25.0,25.0,17.0,19.0,26.0,27.0,36.0,24.0,28.0,20.0,10.0,17.0,28.0,32.0,30.0,17.0,16.0,12.0,26.0,32.0,42.0,23.0,20.0,15.0,25.0,29.0,23.0,32.0,16.0,15.0,27.0,14.0,23.0,36.0,48.0,34.0,16.0,36.0,29.0,38.0,57.0,36.0,68.0,28.0,20.0,47.0,28.0,32.0,41.0,24.0,19.0,19.0,22.0,25.0,52.0,64.0,24.0,22.0,17.0,40.0,35.0,45.0,21.0,18.0,27.0,24.0,22.0,37.0,50.0,37.0,23.0,24.0,19.0,29.0,46.0,57.0,28.0,20.0,31.0,45.0,64.0,55.0,71.0,35.0,29.0,33.0,33.0,36.0,36.0,86.0,62.0,44.0,36.0,18.0,15.0,42.0,47.0,39.0,34.0,32.0,25.0,21.0,38.0,52.0,16.0,28.0,20.0,33.0,31.0,33.0,44.0,29.0,32.0,17.0,27.0,39.0,42.0,74.0,46.0,29.0,36.0,31.0,33.0,33.0,57.0,69.0,56.0,51.0,77.0,79.0,99.0,94.0,50.0,36.0,47.0,40.0,38.0,85.0,82.0,63.0,53.0,53.0,47.0,64.0,68.0,70.0,48.0,49.0,57.0,40.0,70.0,55.0,67.0,61.0,52.0,57.0,51.0,54.0,54.0,81.0,60.0,35.0,41.0,71.0,53.0,61.0,73.0,50.0,42.0,47.0,35.0,37.0,43.0,46.0,39.0,35.0,16.0,34.0,38.0,43.0,21.0,19.0,18.0,20.0,25.0,31.0,41.0,26.0,27.0,22.0,26.0,25.0,34.0,47.0,20.0,11.0,34.0,12.0,28.0,36.0,18.0,34.0,23.0,30.0,35.0
BANETTE,40.0,35.0,24.0,26.0,21.0,20.0,30.0,35.0,21.0,18.0,21.0,24.0,22.0,37.0,21.0,17.0,21.0,21.0,25.0,28.0,17.0,22.0,20.0,24.0,34.0,25.0,20.0,17.0,16.0,20.0,26.0,29.0,13.0,23.0,23.0,13.0,34.0,38.0,23.0,28.0,27.0,26.0,26.0,34.0,29.0,33.0,38.0,35.0,49.0,61.0,30.0,38.0,38.0,38.0,40.0,47.0,27.0,32.0,33.0,31.0,36.0,45.0,28.0,29.0,22.0,26.0,34.0,41.0,24.0,14.0,31.0,40.0,37.0,41.0,26.0,38.0,24.0,39.0,43.0,81.0,48.0,43.0,34.0,24.0,30.0,34.0,32.0,28.0,23.0,38.0,29.0,30.0,55.0,27.0,25.0,26.0,44.0,35.0,44.0,47.0,38.0,34.0,25.0,26.0,28.0,51.0,54.0,29.0,28.0,31.0,28.0,38.0,49.0,57.0,26.0,30.0,37.0,50.0,72.0,64.0,53.0,25.0,42.0,93.0,51.0,34.0,30.0,40.0,35.0,54.0,43.0,36.0,30.0,30.0,20.0,36.0,48.0,46.0,30.0,30.0,17.0,34.0,36.0,32.0,48.0,33.0,34.0,30.0,30.0,33.0,42.0,48.0,29.0,25.0,23.0,36.0,24.0,33.0,54.0,19.0,23.0,29.0,30.0,36.0,41.0,68.0,39.0,32.0,28.0,41.0,47.0,56.0,87.0,80.0,51.0,79.0,59.0,71.0,80.0,82.0,73.0,74.0,67.0,69.0,73.0,81.0,81.0,80.0,74.0,79.0,87.0,67.0,86.0,83.0,88.0,91.0,56.0,60.0,64.0,94.0,80.0,64.0,65.0,85.0,75.0,77.0,79.0,127.0,84.0,45.0,66.0,78.0,48.0,85.0,73.0,64.0,50.0,49.0,62.0,49.0,55.0,65.0,45.0,41.0,29.0,44.0,28.0,43.0,63.0,35.0,44.0,35.0,38.0,25.0,39.0,53.0,33.0,29.0,21.0,39.0,35.0,43.0,43.0,31.0,28.0,7.0,30.0,39.0,57.0,41.0,19.0,17.0,27.0,24.0,25.0,14.0,31.0,25.0,13.0,21.0,30.0,30.0,44.0,49.0,16.0,16.0,18.0,16.0,10.0,30.0,37.0,21.0,26.0,13.0,27.0,26.0,32.0,61.0,34.0,42.0,32.0,36.0,29.0,57.0,91.0,67.0,27.0,33.0,50.0,22.0,36.0,41.0,19.0,17.0,30.0,39.0,27.0,30.0,37.0,26.0,13.0,25.0,15.0,30.0,29.0,19.0,17.0,30.0,13.0,21.0,35.0,16.0,14.0,16.0,14.0,26.0,30.0,19.0,8.0,19.0,41.0,25.0,15.0,14.0,26.0,24.0,31.0,26.0,29.0,30.0,25.0,42.0,30.0,34.0,33.0,43.0,30.0,26.0,41.0,67.0,14.0,2.0,23.0,18.0,20.0,33.0,18.0,17.0,22.0,15.0,16.0,26.0,16.0,16.0,23.0,16.0,13.0,41.0,18.0,7.0,24.0,10.0,19.0,40.0,23.0,23.0,13.0,14.0,31.0,41.0,38.0,21.0,24.0,22.0,29.0,30.0,29.0,36.0,29.0,31.0,42.0,42.0,22.0,28.0,32.0,30.0,38.0,66.0,19.0,30.0,20.0,30.0,30.0,40.0,53.0,25.0,30.0,11.0,22.0,24.0,24.0,31.0,28.0,19.0,12.0,27.0,24.0,30.0,45.0,30.0,25.0,13.0,20.0,17.0,40.0,32.0,23.0,15.0,14.0,17.0,15.0,21.0,40.0,30.0,22.0,11.0,22.0,9.0,30.0,33.0,29.0,26.0,19.0,31.0,40.0,55.0,35.0,84.0,30.0,42.0,47.0,41.0,36.0,43.0,26.0,14.0,23.0,27.0,27.0,45.0,59.0,30.0,16.0,36.0,22.0,35.0,41.0,24.0,15.0,14.0,28.0,30.0,29.0,38.0,27.0,22.0,30.0,34.0,24.0,39.0,31.0,24.0,29.0,40.0,78.0,77.0,81.0,104.0,27.0,19.0,28.0,29.0,29.0,49.0,61.0,42.0,30.0,29.0,26.0,17.0,38.0,36.0,28.0,28.0,30.0,20.0,30.0,40.0,54.0,33.0,30.0,29.0,19.0,24.0,31.0,36.0,30.0,31.0,27.0,24.0,35.0,36.0,78.0,42.0,36.0,41.0,33.0,45.0,55.0,74.0,68.0,33.0,69.0,104.0,90.0,118.0,84.0,54.0,45.0,36.0,59.0,59.0,83.0,87.0,57.0,60.0,49.0,72.0,42.0,40.0,84.0,73.0,64.0,65.0,67.0,85.0,73.0,69.0,89.0,46.0,74.0,74.0,67.0,85.0,96.0,84.0,71.0,39.0,70.0,60.0,74.0,73.0,49.0,67.0,42.0,37.0,43.0,51.0,48.0,50.0,39.0,29.0,28.0,43.0,45.0,30.0,30.0,14.0,28.0,25.0,40.0,38.0,30.0,17.0,20.0,24.0,22.0,25.0,38.0,30.0,17.0,30.0,30.0,30.0,30.0,30.0,30.0,22.0,30.0,30.0
BOULE 400G,11.0,11.0,5.0,6.0,3.0,5.0,6.0,7.0,7.0,3.0,4.0,3.0,2.0,7.0,7.0,5.0,4.0,5.0,2.0,9.0,6.0,7.0,5.0,4.0,5.0,7.0,3.0,6.0,7.0,3.0,5.0,3.0,7.0,9.0,6.0,6.0,7.0,11.0,6.0,6.0,3.0,9.0,10.0,10.0,8.0,8.0,8.0,10.0,15.0,19.0,4.0,10.0,10.0,10.0,10.0,15.0,6.0,6.0,7.0,10.0,9.0,19.0,5.0,5.0,7.0,3.0,10.0,9.0,6.0,6.0,6.0,7.0,6.0,6.0,5.0,9.0,5.0,7.0,8.0,19.0,9.0,5.0,4.0,3.0,6.0,10.0,4.0,9.0,3.0,4.0,8.0,6.0,21.0,7.0,8.0,4.0,10.0,4.0,7.0,7.0,7.0,6.0,4.0,3.0,6.0,5.0,13.0,8.0,5.0,6.0,3.0,8.0,14.0,15.0,12.0,9.0,9.0,12.0,8.0,13.0,16.0,3.0,2.0,12.0,8.0,7.0,6.0,2.0,7.0,8.0,13.0,8.0,7.0,3.0,1.0,4.0,7.0,15.0,8.0,5.0,8.0,2.0,6.0,7.0,15.0,8.0,5.0,6.0,8.0,6.0,3.0,12.0,8.0,4.0,8.0,5.0,8.0,9.0,11.0,8.0,4.0,4.0,7.0,6.0,8.0,9.0,5.0,8.0,5.0,7.0,11.0,14.0,19.0,16.0,8.0,17.0,14.0,13.0,13.0,31.0,24.0,6.0,6.0,19.0,8.0,13.0,19.0,16.0,17.0,8.0,12.0,14.0,12.0,16.0,16.0,18.0,9.0,14.0,3.0,11.0,20.0,23.0,15.0,2.0,16.0,12.0,8.0,20.0,15.0,9.0,7.0,15.0,2.0,8.0,14.0,10.0,10.0,9.0,13.0,9.0,15.0,20.0,8.0,6.0,8.0,7.0,7.0,19.0,11.0,4.0,2.0,5.0,1.0,10.0,15.0,12.0,7.0,7.0,4.0,7.0,1.0,16.0,9.0,7.0,7.0,0.0,3.0,8.0,12.0,14.0,5.0,3.0,6.0,3.0,6.0,7.0,8.0,6.0,7.0,3.0,8.0,8.0,8.0,9.0,4.0,2.0,2.0,5.0,2.0,25.0,10.0,4.0,6.0,5.0,6.0,2.0,10.0,8.0,6.0,8.0,8.0,11.0,6.0,11.0,16.0,14.0,12.0,3.0,2.0,5.0,5.0,4.0,3.0,2.0,6.0,7.0,8.0,5.0,10.0,5.0,4.0,1.0,4.0,3.0,4.0,0.0,4.0,6.0,4.0,2.0,6.0,5.0,5.0,1.0,4.0,3.0,10.0,3.0,1.0,5.0,7.0,3.0,6.0,1.0,6.0,4.0,4.0,8.0,5.0,3.0,3.0,19.0,12.0,42.0,6.0,5.0,3.0,2.0,15.0,12.0,5.0,3.0,4.0,6.0,6.0,8.0,1.0,6.0,2.0,2.0,5.0,6.0,1.0,1.0,3.0,2.0,2.0,6.0,6.0,4.0,4.0,2.0,1.0,6.0,3.0,4.0,4.0,3.0,7.0,13.0,6.0,4.0,6.0,3.0,6.0,12.0,2.0,11.0,8.0,9.0,10.0,13.0,8.0,8.0,12.0,10.0,9.0,18.0,8.0,8.0,2.0,6.0,7.0,10.0,13.0,9.0,6.0,3.0,4.0,5.0,6.0,10.0,3.0,4.0,3.0,5.0,3.0,4.0,6.0,6.0,6.0,3.0,5.0,5.0,8.0,4.0,6.0,6.0,1.0,3.0,3.0,1.0,8.0,1.0,4.0,0.0,6.0,5.0,1.0,6.0,10.0,5.0,1.0,9.0,10.0,15.0,8.0,15.0,6.0,3.0,10.0,8.0,8.0,10.0,5.0,2.0,8.0,6.0,5.0,10.0,14.0,7.0,6.0,8.0,9.0,10.0,10.0,2.0,3.0,5.0,1.0,8.0,10.0,10.0,6.0,4.0,8.0,7.0,11.0,3.0,12.0,3.0,5.0,9.0,20.0,20.0,12.0,18.0,7.0,8.0,4.0,7.0,5.0,14.0,20.0,16.0,5.0,5.0,5.0,4.0,12.0,8.0,5.0,3.0,4.0,6.0,7.0,12.0,12.0,5.0,7.0,5.0,4.0,7.0,11.0,12.0,8.0,6.0,6.0,2.0,5.0,7.0,15.0,10.0,9.0,8.0,10.0,6.0,20.0,22.0,12.0,7.0,12.0,19.0,12.0,47.0,19.0,12.0,12.0,11.0,5.0,5.0,12.0,18.0,10.0,15.0,15.0,11.0,5.0,19.0,17.0,15.0,13.0,12.0,10.0,10.0,16.0,17.0,33.0,14.0,15.0,10.0,13.0,19.0,28.0,20.0,11.0,13.0,15.0,7.0,12.0,12.0,8.0,8.0,10.0,8.0,9.0,10.0,10.0,8.0,8.0,2.0,9.0,6.0,7.0,5.0,4.0,5.0,5.0,6.0,5.0,10.0,10.0,2.0,8.0,7.0,3.0,7.0,12.0,7.0,4.0,2.0,6.0,4.0,14.0,4.0,8.0,2.0,3.0,10.0
CAMPAGNE,10.0,9.0,6.0,3.0,3.0,3.0,5.0,5.0,5.0,2.0,5.0,5.0,5.0,8.0,5.0,1.0,5.0,4.0,5.0,5.0,6.0,3.0,6.0,4.0,8.0,4.0,3.0,1.0,4.0,5.0,4.0,6.0,2.0,5.0,5.0,4.0,5.0,11.0,1.0,5.0,6.0,6.0,10.0,10.0,11.0,11.0,10.0,9.0,10.0,18.0,9.0,11.0,10.0,9.0,10.0,9.0,2.0,6.0,5.0,8.0,6.0,10.0,6.0,5.0,3.0,4.0,8.0,10.0,5.0,4.0,6.0,6.0,6.0,8.0,5.0,8.0,6.0,2.0,7.0,20.0,11.0,6.0,7.0,3.0,7.0,6.0,9.0,7.0,2.0,10.0,9.0,8.0,16.0,4.0,10.0,6.0,10.0,7.0,4.0,10.0,5.0,3.0,8.0,10.0,4.0,11.0,11.0,5.0,7.0,5.0,7.0,8.0,9.0,15.0,4.0,1.0,11.0,16.0,11.0,6.0,15.0,9.0,10.0,15.0,15.0,5.0,5.0,5.0,6.0,11.0,15.0,8.0,2.0,5.0,4.0,8.0,4.0,6.0,4.0,3.0,1.0,7.0,2.0,8.0,10.0,8.0,5.0,7.0,3.0,6.0,10.0,10.0,6.0,6.0,5.0,9.0,7.0,4.0,12.0,5.0,6.0,7.0,11.0,4.0,21.0,14.0,9.0,6.0,4.0,10.0,11.0,16.0,15.0,10.0,8.0,14.0,13.0,10.0,15.0,19.0,23.0,5.0,18.0,14.0,8.0,14.0,20.0,12.0,17.0,7.0,10.0,9.0,14.0,14.0,17.0,19.0,10.0,15.0,14.0,15.0,16.0,15.0,12.0,14.0,15.0,9.0,15.0,18.0,13.0,12.0,13.0,14.0,11.0,20.0,13.0,13.0,11.0,11.0,15.0,9.0,13.0,15.0,10.0,5.0,3.0,6.0,5.0,21.0,11.0,8.0,8.0,4.0,6.0,7.0,11.0,14.0,10.0,4.0,3.0,5.0,5.0,6.0,7.0,7.0,6.0,1.0,6.0,9.0,24.0,7.0,3.0,4.0,4.0,3.0,2.0,4.0,5.0,3.0,2.0,4.0,5.0,10.0,5.0,9.0,5.0,2.0,2.0,5.0,3.0,5.0,7.0,5.0,2.0,1.0,5.0,2.0,9.0,11.0,6.0,8.0,6.0,9.0,10.0,13.0,10.0,9.0,3.0,12.0,2.0,5.0,4.0,7.0,23.0,5.0,5.0,7.0,5.0,5.0,8.0,1.0,3.0,5.0,3.0,2.0,2.0,4.0,5.0,3.0,1.0,3.0,1.0,4.0,4.0,4.0,1.0,4.0,10.0,3.0,0.0,5.0,1.0,3.0,4.0,5.0,5.0,5.0,5.0,3.0,5.0,5.0,7.0,23.0,5.0,15.0,4.0,9.0,8.0,8.0,11.0,11.0,2.0,1.0,5.0,1.0,2.0,1.0,1.0,2.0,4.0,0.0,2.0,5.0,1.0,4.0,4.0,5.0,3.0,5.0,5.0,4.0,5.0,5.0,2.0,5.0,2.0,1.0,5.0,2.0,5.0,6.0,2.0,5.0,5.0,3.0,5.0,12.0,4.0,5.0,5.0,5.0,0.0,9.0,5.0,6.0,5.0,7.0,10.0,13.0,4.0,8.0,5.0,6.0,8.0,9.0,12.0,4.0,5.0,1.0,0.0,4.0,5.0,5.0,4.0,4.0,1.0,4.0,1.0,5.0,3.0,5.0,5.0,4.0,1.0,2.0,5.0,12.0,1.0,4.0,2.0,2.0,4.0,2.0,5.0,3.0,2.0,4.0,1.0,5.0,2.0,8.0,4.0,5.0,1.0,6.0,10.0,13.0,13.0,12.0,10.0,4.0,10.0,5.0,5.0,9.0,2.0,4.0,10.0,3.0,6.0,10.0,10.0,4.0,5.0,8.0,7.0,5.0,10.0,4.0,2.0,4.0,2.0,5.0,5.0,10.0,4.0,5.0,5.0,6.0,1.0,2.0,10.0,3.0,4.0,10.0,10.0,7.0,12.0,12.0,5.0,5.0,3.0,3.0,5.0,14.0,16.0,14.0,5.0,5.0,4.0,3.0,4.0,10.0,5.0,4.0,5.0,1.0,5.0,10.0,10.0,3.0,5.0,2.0,5.0,5.0,8.0,10.0,5.0,4.0,0.0,5.0,5.0,8.0,9.0,10.0,4.0,5.0,6.0,6.0,8.0,13.0,11.0,10.0,15.0,19.0,14.0,12.0,14.0,8.0,10.0,10.0,7.0,10.0,12.0,14.0,9.0,11.0,8.0,12.0,7.0,14.0,19.0,14.0,12.0,13.0,8.0,6.0,15.0,14.0,15.0,14.0,14.0,15.0,15.0,15.0,15.0,16.0,18.0,12.0,12.0,17.0,16.0,27.0,10.0,8.0,10.0,10.0,6.0,6.0,9.0,5.0,6.0,5.0,5.0,7.0,10.0,4.0,5.0,4.0,5.0,3.0,10.0,10.0,8.0,5.0,5.0,5.0,5.0,7.0,9.0,5.0,4.0,2.0,3.0,5.0,10.0,3.0,5.0,5.0,5.0,10.0
CEREAL BAGUETTE,19.0,16.0,7.0,7.0,7.0,7.0,10.0,9.0,8.0,4.0,2.0,9.0,14.0,10.0,5.0,1.0,6.0,6.0,7.0,10.0,6.0,8.0,5.0,12.0,9.0,10.0,10.0,1.0,10.0,6.0,9.0,7.0,2.0,3.0,5.0,7.0,9.0,9.0,10.0,5.0,8.0,10.0,20.0,19.0,20.0,19.0,19.0,20.0,19.0,21.0,20.0,20.0,17.0,15.0,11.0,18.0,8.0,7.0,10.0,7.0,9.0,10.0,7.0,9.0,5.0,10.0,7.0,10.0,7.0,10.0,10.0,10.0,9.0,14.0,6.0,9.0,10.0,21.0,20.0,24.0,31.0,19.0,20.0,14.0,20.0,18.0,21.0,20.0,19.0,13.0,20.0,20.0,20.0,20.0,21.0,15.0,20.0,15.0,17.0,28.0,11.0,6.0,10.0,10.0,10.0,19.0,15.0,10.0,8.0,6.0,10.0,10.0,28.0,28.0,10.0,9.0,17.0,21.0,28.0,20.0,19.0,8.0,16.0,14.0,18.0,17.0,11.0,6.0,9.0,1.0,15.0,10.0,9.0,13.0,6.0,11.0,16.0,24.0,17.0,8.0,15.0,10.0,11.0,14.0,24.0,20.0,14.0,7.0,12.0,13.0,26.0,26.0,16.0,14.0,13.0,19.0,13.0,30.0,32.0,15.0,6.0,10.0,12.0,10.0,17.0,21.0,17.0,19.0,11.0,15.0,11.0,25.0,21.0,27.0,24.0,30.0,30.0,22.0,30.0,19.0,31.0,19.0,25.0,24.0,16.0,25.0,25.0,23.0,28.0,25.0,21.0,17.0,21.0,22.0,21.0,30.0,25.0,21.0,19.0,20.0,24.0,25.0,24.0,24.0,26.0,22.0,27.0,22.0,22.0,23.0,19.0,25.0,16.0,20.0,20.0,20.0,14.0,20.0,18.0,16.0,22.0,23.0,19.0,12.0,16.0,19.0,14.0,15.0,31.0,10.0,12.0,11.0,5.0,10.0,18.0,12.0,17.0,7.0,12.0,10.0,11.0,30.0,28.0,12.0,11.0,2.0,8.0,20.0,20.0,16.0,5.0,16.0,7.0,11.0,10.0,9.0,9.0,5.0,3.0,3.0,3.0,8.0,8.0,8.0,4.0,9.0,6.0,8.0,3.0,7.0,7.0,9.0,4.0,4.0,4.0,2.0,15.0,15.0,17.0,11.0,13.0,15.0,17.0,15.0,18.0,19.0,17.0,18.0,10.0,16.0,12.0,12.0,4.0,8.0,11.0,9.0,10.0,10.0,9.0,9.0,4.0,10.0,1.0,3.0,5.0,8.0,5.0,10.0,9.0,4.0,9.0,5.0,7.0,6.0,6.0,7.0,10.0,8.0,10.0,2.0,10.0,8.0,9.0,5.0,3.0,3.0,20.0,14.0,11.0,20.0,18.0,16.0,8.0,20.0,19.0,17.0,9.0,13.0,20.0,16.0,9.0,3.0,4.0,6.0,9.0,5.0,4.0,3.0,10.0,8.0,3.0,9.0,8.0,3.0,7.0,9.0,7.0,9.0,8.0,5.0,8.0,3.0,8.0,10.0,7.0,6.0,5.0,3.0,6.0,9.0,9.0,7.0,7.0,4.0,10.0,17.0,10.0,10.0,10.0,10.0,10.0,10.0,4.0,10.0,10.0,10.0,10.0,9.0,7.0,9.0,11.0,4.0,10.0,10.0,10.0,3.0,8.0,1.0,6.0,3.0,8.0,10.0,5.0,2.0,0.0,6.0,11.0,4.0,8.0,9.0,3.0,3.0,9.0,2.0,10.0,10.0,10.0,5.0,2.0,2.0,8.0,6.0,10.0,5.0,10.0,6.0,5.0,3.0,7.0,12.0,6.0,10.0,6.0,11.0,10.0,19.0,11.0,20.0,8.0,16.0,20.0,18.0,11.0,20.0,10.0,8.0,15.0,11.0,16.0,20.0,20.0,19.0,2.0,11.0,11.0,16.0,20.0,6.0,11.0,7.0,9.0,6.0,9.0,18.0,9.0,2.0,8.0,6.0,2.0,10.0,21.0,5.0,10.0,10.0,19.0,20.0,20.0,20.0,10.0,10.0,10.0,8.0,9.0,20.0,14.0,17.0,10.0,4.0,5.0,7.0,0.0,13.0,8.0,6.0,4.0,8.0,10.0,10.0,20.0,4.0,6.0,7.0,5.0,10.0,9.0,16.0,8.0,0.0,0.0,9.0,7.0,8.0,15.0,8.0,8.0,11.0,15.0,12.0,19.0,20.0,20.0,19.0,18.0,33.0,9.0,20.0,19.0,20.0,27.0,18.0,20.0,19.0,20.0,20.0,20.0,16.0,19.0,20.0,17.0,20.0,10.0,19.0,20.0,18.0,20.0,18.0,19.0,19.0,21.0,17.0,19.0,20.0,20.0,20.0,20.0,20.0,20.0,16.0,19.0,13.0,8.0,17.0,20.0,13.0,10.0,14.0,11.0,12.0,20.0,10.0,10.0,1.0,10.0,8.0,10.0,8.0,8.0,7.0,4.0,8.0,9.0,8.0,8.0,9.0,6.0,4.0,5.0,5.0,8.0,11.0,4.0,6.0,8.0,7.0,10.0,8.0,10.0,3.0,0.0,14.0
COMPLET,10.0,6.0,4.0,2.0,4.0,5.0,4.0,3.0,1.0,3.0,3.0,4.0,3.0,4.0,5.0,3.0,2.0,3.0,5.0,5.0,3.0,5.0,5.0,2.0,4.0,5.0,2.0,1.0,7.0,0.0,5.0,4.0,1.0,4.0,4.0,4.0,4.0,5.0,2.0,4.0,3.0,4.0,5.0,10.0,10.0,11.0,10.0,7.0,10.0,10.0,8.0,10.0,9.0,8.0,6.0,8.0,5.0,5.0,5.0,5.0,5.0,7.0,3.0,5.0,5.0,6.0,6.0,7.0,7.0,8.0,5.0,5.0,6.0,6.0,8.0,6.0,4.0,7.0,9.0,11.0,8.0,6.0,8.0,8.0,8.0,6.0,7.0,6.0,3.0,6.0,5.0,6.0,8.0,5.0,4.0,3.0,10.0,5.0,7.0,10.0,6.0,8.0,2.0,8.0,7.0,5.0,8.0,5.0,8.0,6.0,6.0,13.0,5.0,10.0,6.0,4.0,6.0,16.0,14.0,13.0,5.0,3.0,10.0,2.0,10.0,6.0,3.0,3.0,2.0,8.0,6.0,6.0,4.0,4.0,6.0,7.0,8.0,6.0,7.0,4.0,6.0,6.0,5.0,7.0,10.0,6.0,8.0,4.0,3.0,7.0,5.0,8.0,9.0,8.0,7.0,8.0,8.0,7.0,8.0,8.0,6.0,8.0,4.0,4.0,9.0,10.0,8.0,6.0,7.0,7.0,8.0,8.0,10.0,8.0,8.0,8.0,6.0,8.0,7.0,8.0,9.0,8.0,8.0,8.0,7.0,9.0,4.0,8.0,8.0,8.0,6.0,6.0,9.0,7.0,7.0,8.0,8.0,8.0,8.0,8.0,8.0,7.0,8.0,9.0,6.0,8.0,10.0,10.0,8.0,9.0,10.0,10.0,7.0,10.0,10.0,8.0,10.0,7.0,8.0,8.0,10.0,10.0,10.0,9.0,6.0,5.0,9.0,8.0,8.0,5.0,7.0,5.0,6.0,6.0,6.0,6.0,6.0,5.0,5.0,1.0,2.0,6.0,6.0,6.0,6.0,0.0,4.0,1.0,8.0,4.0,4.0,2.0,1.0,1.0,6.0,4.0,4.0,4.0,3.0,5.0,5.0,6.0,7.0,6.0,6.0,5.0,2.0,4.0,7.0,8.0,6.0,6.0,4.0,3.0,4.0,6.0,6.0,6.0,6.0,6.0,5.0,8.0,6.0,6.0,6.0,7.0,2.0,8.0,3.0,4.0,6.0,5.0,2.0,4.0,4.0,6.0,3.0,6.0,6.0,3.0,3.0,4.0,4.0,3.0,2.0,0.0,4.0,4.0,4.0,4.0,3.0,2.0,4.0,1.0,5.0,5.0,6.0,2.0,4.0,2.0,5.0,5.0,1.0,3.0,5.0,7.0,4.0,2.0,5.0,3.0,6.0,10.0,7.0,0.0,5.0,5.0,3.0,4.0,7.0,6.0,7.0,1.0,5.0,3.0,4.0,5.0,5.0,5.0,3.0,5.0,1.0,5.0,4.0,4.0,2.0,3.0,5.0,5.0,3.0,5.0,6.0,3.0,3.0,3.0,3.0,0.0,3.0,2.0,3.0,6.0,5.0,5.0,6.0,2.0,3.0,6.0,6.0,6.0,6.0,3.0,6.0,7.0,6.0,5.0,6.0,6.0,7.0,6.0,3.0,6.0,6.0,6.0,7.0,6.0,6.0,0.0,4.0,7.0,3.0,3.0,5.0,5.0,7.0,4.0,0.0,0.0,2.0,4.0,4.0,6.0,4.0,5.0,2.0,5.0,6.0,6.0,3.0,6.0,3.0,6.0,4.0,6.0,6.0,4.0,4.0,6.0,4.0,4.0,5.0,2.0,6.0,6.0,4.0,9.0,7.0,10.0,5.0,7.0,6.0,7.0,8.0,7.0,5.0,9.0,6.0,8.0,4.0,7.0,10.0,8.0,7.0,4.0,5.0,4.0,10.0,5.0,7.0,6.0,3.0,6.0,8.0,4.0,5.0,6.0,6.0,6.0,6.0,6.0,6.0,6.0,5.0,3.0,6.0,6.0,10.0,6.0,10.0,8.0,6.0,6.0,6.0,2.0,6.0,8.0,7.0,8.0,3.0,5.0,5.0,4.0,5.0,6.0,6.0,4.0,6.0,6.0,6.0,6.0,6.0,1.0,6.0,2.0,6.0,6.0,6.0,6.0,6.0,6.0,5.0,5.0,6.0,6.0,7.0,6.0,6.0,7.0,5.0,9.0,6.0,7.0,6.0,5.0,9.0,9.0,7.0,14.0,15.0,10.0,5.0,8.0,10.0,9.0,11.0,10.0,8.0,10.0,10.0,8.0,9.0,10.0,9.0,13.0,9.0,10.0,9.0,1.0,10.0,10.0,10.0,10.0,11.0,10.0,8.0,10.0,10.0,10.0,10.0,6.0,9.0,10.0,10.0,9.0,10.0,7.0,11.0,3.0,4.0,6.0,10.0,6.0,6.0,5.0,7.0,8.0,8.0,5.0,3.0,4.0,5.0,3.0,6.0,6.0,3.0,6.0,3.0,6.0,5.0,6.0,5.0,4.0,4.0,4.0,4.0,4.0,4.0,4.0,4.0,3.0,4.0,5.0
CROISSANT,66.0,59.0,17.0,12.0,15.0,36.0,33.0,48.0,14.0,24.0,24.0,37.0,27.0,42.0,16.0,23.0,8.0,30.0,23.0,39.0,26.0,18.0,11.0,22.0,39.0,77.0,6.0,9.0,29.0,19.0,38.0,78.0,28.0,11.0,16.0,20.0,33.0,77.0,20.0,16.0,11.0,28.0,22.0,99.0,51.0,63.0,53.0,47.0,57.0,133.0,41.0,19.0,25.0,35.0,44.0,83.0,13.0,21.0,38.0,30.0,66.0,96.0,21.0,26.0,9.0,27.0,40.0,71.0,28.0,22.0,25.0,32.0,21.0,75.0,10.0,31.0,20.0,20.0,60.0,120.0,45.0,21.0,27.0,14.0,44.0,64.0,22.0,30.0,27.0,12.0,33.0,71.0,95.0,28.0,37.0,31.0,26.0,28.0,66.0,114.0,36.0,29.0,28.0,23.0,30.0,55.0,79.0,40.0,16.0,47.0,19.0,32.0,64.0,86.0,26.0,19.0,28.0,66.0,109.0,112.0,189.0,22.0,87.0,137.0,112.0,32.0,8.0,21.0,12.0,68.0,106.0,22.0,30.0,23.0,14.0,45.0,72.0,112.0,23.0,38.0,30.0,23.0,40.0,62.0,110.0,27.0,32.0,38.0,17.0,27.0,46.0,120.0,34.0,13.0,18.0,32.0,33.0,67.0,123.0,29.0,22.0,19.0,29.0,28.0,62.0,102.0,35.0,47.0,29.0,42.0,50.0,77.0,133.0,63.0,53.0,91.0,82.0,64.0,142.0,186.0,116.0,85.0,66.0,58.0,73.0,118.0,149.0,73.0,59.0,93.0,53.0,53.0,83.0,135.0,113.0,103.0,58.0,62.0,71.0,76.0,162.0,113.0,71.0,109.0,112.0,93.0,106.0,186.0,75.0,76.0,77.0,68.0,84.0,137.0,144.0,74.0,76.0,37.0,80.0,43.0,78.0,100.0,60.0,48.0,37.0,47.0,38.0,70.0,112.0,40.0,26.0,33.0,41.0,31.0,71.0,118.0,23.0,24.0,28.0,26.0,23.0,52.0,88.0,34.0,21.0,0.0,33.0,20.0,57.0,95.0,18.0,21.0,19.0,26.0,21.0,45.0,73.0,20.0,14.0,18.0,29.0,22.0,41.0,95.0,31.0,16.0,22.0,16.0,43.0,48.0,83.0,18.0,22.0,19.0,24.0,26.0,48.0,96.0,25.0,41.0,21.0,22.0,30.0,69.0,119.0,46.0,38.0,25.0,25.0,33.0,49.0,57.0,17.0,14.0,16.0,53.0,14.0,33.0,81.0,28.0,18.0,21.0,28.0,44.0,69.0,17.0,4.0,20.0,3.0,21.0,87.0,16.0,17.0,19.0,33.0,11.0,72.0,39.0,10.0,34.0,70.0,13.0,27.0,24.0,42.0,36.0,75.0,35.0,35.0,15.0,32.0,36.0,72.0,66.0,25.0,36.0,25.0,29.0,50.0,69.0,17.0,1.0,28.0,11.0,22.0,56.0,11.0,17.0,20.0,27.0,26.0,63.0,13.0,21.0,18.0,10.0,38.0,57.0,9.0,11.0,23.0,39.0,31.0,48.0,17.0,9.0,18.0,15.0,24.0,77.0,13.0,5.0,30.0,16.0,33.0,78.0,22.0,54.0,11.0,17.0,44.0,96.0,18.0,28.0,20.0,13.0,44.0,92.0,15.0,15.0,24.0,11.0,26.0,52.0,72.0,30.0,21.0,19.0,22.0,17.0,22.0,57.0,23.0,12.0,22.0,12.0,25.0,28.0,94.0,28.0,27.0,31.0,20.0,30.0,46.0,95.0,17.0,14.0,17.0,13.0,23.0,38.0,69.0,29.0,19.0,24.0,27.0,17.0,29.0,86.0,18.0,22.0,21.0,35.0,19.0,82.0,136.0,108.0,48.0,34.0,35.0,23.0,41.0,85.0,24.0,20.0,14.0,14.0,36.0,66.0,128.0,34.0,19.0,29.0,13.0,44.0,87.0,17.0,18.0,17.0,20.0,12.0,31.0,94.0,27.0,19.0,17.0,10.0,21.0,62.0,95.0,18.0,23.0,19.0,109.0,139.0,112.0,190.0,34.0,11.0,35.0,22.0,33.0,72.0,132.0,118.0,15.0,14.0,29.0,19.0,62.0,87.0,20.0,24.0,23.0,23.0,17.0,75.0,114.0,38.0,36.0,30.0,40.0,37.0,46.0,97.0,45.0,13.0,15.0,25.0,34.0,33.0,96.0,38.0,26.0,28.0,26.0,21.0,76.0,127.0,66.0,42.0,53.0,131.0,153.0,161.0,196.0,102.0,74.0,51.0,64.0,91.0,112.0,153.0,96.0,48.0,49.0,58.0,52.0,111.0,210.0,90.0,75.0,36.0,81.0,89.0,108.0,216.0,121.0,83.0,100.0,147.0,128.0,173.0,271.0,156.0,68.0,67.0,120.0,84.0,109.0,179.0,84.0,49.0,59.0,51.0,52.0,49.0,130.0,47.0,38.0,34.0,31.0,48.0,76.0,48.0,17.0,19.0,25.0,37.0,53.0,113.0,28.0,18.0,21.0,21.0,28.0,57.0,81.0,13.0,19.0,29.0,28.0,43.0,91.0,26.0,25.0,20.0,27.0,38.0
ECLAIR,0.0,0.0,0.0,0.0,0.0,0.0,0.0,0.0,0.0,0.0,0.0,0.0,0.0,0.0,0.0,0.0,0.0,0.0,0.0,9.0,3.0,0.0,0.0,5.0,3.0,12.0,0.0,1.0,0.0,0.0,9.0,8.0,4.0,1.0,0.0,0.0,5.0,18.0,0.0,0.0,0.0,4.0,6.0,22.0,10.0,3.0,0.0,4.0,12.0,35.0,0.0,0.0,0.0,7.0,9.0,20.0,4.0,1.0,0.0,9.0,21.0,23.0,3.0,6.0,0.0,10.0,10.0,22.0,1.0,0.0,0.0,3.0,12.0,21.0,0.0,0.0,0.0,10.0,11.0,21.0,9.0,0.0,7.0,3.0,16.0,18.0,1.0,7.0,3.0,4.0,7.0,10.0,26.0,0.0,6.0,1.0,12.0,1.0,9.0,29.0,0.0,0.0,6.0,2.0,6.0,16.0,12.0,8.0,3.0,2.0,8.0,0.0,12.0,22.0,9.0,4.0,5.0,17.0,20.0,11.0,24.0,6.0,7.0,28.0,17.0,4.0,3.0,4.0,6.0,0.0,18.0,4.0,1.0,3.0,8.0,5.0,12.0,13.0,0.0,7.0,5.0,3.0,7.0,3.0,7.0,0.0,2.0,3.0,4.0,0.0,5.0,12.0,5.0,10.0,6.0,4.0,5.0,6.0,18.0,0.0,5.0,4.0,0.0,4.0,8.0,22.0,3.0,13.0,8.0,8.0,7.0,7.0,30.0,3.0,6.0,17.0,4.0,2.0,9.0,10.0,8.0,5.0,11.0,10.0,4.0,11.0,15.0,11.0,1.0,7.0,9.0,6.0,7.0,24.0,10.0,15.0,8.0,9.0,17.0,11.0,22.0,2.0,8.0,2.0,6.0,4.0,5.0,24.0,3.0,8.0,9.0,6.0,2.0,9.0,27.0,2.0,12.0,0.0,8.0,7.0,12.0,12.0,9.0,3.0,3.0,4.0,3.0,3.0,19.0,3.0,3.0,4.0,9.0,7.0,9.0,19.0,0.0,3.0,9.0,1.0,4.0,3.0,8.0,3.0,4.0,0.0,6.0,3.0,3.0,7.0,2.0,0.0,2.0,0.0,4.0,6.0,22.0,1.0,4.0,0.0,0.0,8.0,9.0,18.0,0.0,0.0,9.0,2.0,0.0,4.0,12.0,1.0,0.0,1.0,2.0,0.0,4.0,19.0,4.0,5.0,10.0,2.0,0.0,16.0,29.0,22.0,7.0,0.0,15.0,5.0,5.0,18.0,1.0,1.0,5.0,4.0,4.0,11.0,6.0,3.0,0.0,0.0,0.0,5.0,9.0,3.0,0.0,0.0,6.0,0.0,7.0,0.0,5.0,3.0,0.0,0.0,13.0,0.0,2.0,1.0,15.0,2.0,1.0,0.0,4.0,4.0,8.0,6.0,2.0,0.0,6.0,3.0,0.0,10.0,1.0,0.0,5.0,10.0,8.0,16.0,8.0,2.0,2.0,2.0,1.0,5.0,3.0,4.0,0.0,2.0,6.0,9.0,0.0,0.0,0.0,0.0,8.0,18.0,0.0,0.0,0.0,0.0,2.0,20.0,3.0,0.0,0.0,3.0,9.0,11.0,4.0,2.0,0.0,16.0,5.0,17.0,1.0,3.0,0.0,14.0,8.0,4.0,0.0,0.0,0.0,18.0,10.0,28.0,7.0,6.0,8.0,1.0,1.0,13.0,22.0,2.0,0.0,1.0,4.0,2.0,2.0,11.0,3.0,1.0,3.0,0.0,4.0,8.0,13.0,1.0,0.0,4.0,2.0,4.0,5.0,8.0,4.0,1.0,0.0,0.0,7.0,7.0,14.0,0.0,5.0,3.0,3.0,3.0,5.0,14.0,1.0,0.0,8.0,3.0,6.0,11.0,2.0,16.0,0.0,1.0,15.0,13.0,8.0,13.0,5.0,0.0,11.0,2.0,4.0,4.0,9.0,7.0,6.0,0.0,3.0,6.0,14.0,7.0,0.0,5.0,6.0,5.0,0.0,18.0,1.0,1.0,1.0,0.0,6.0,2.0,14.0,0.0,0.0,0.0,5.0,3.0,4.0,27.0,6.0,3.0,6.0,0.0,5.0,5.0,17.0,11.0,4.0,0.0,4.0,1.0,1.0,12.0,6.0,0.0,7.0,2.0,3.0,3.0,19.0,0.0,0.0,0.0,10.0,2.0,0.0,16.0,0.0,0.0,8.0,0.0,8.0,5.0,22.0,3.0,6.0,0.0,9.0,5.0,6.0,18.0,3.0,0.0,5.0,11.0,6.0,13.0,19.0,9.0,4.0,3.0,9.0,2.0,9.0,21.0,4.0,3.0,10.0,13.0,7.0,4.0,16.0,3.0,5.0,5.0,11.0,8.0,14.0,7.0,6.0,5.0,6.0,2.0,2.0,5.0,23.0,12.0,4.0,3.0,10.0,0.0,15.0,10.0,4.0,5.0,5.0,4.0,3.0,7.0,17.0,6.0,1.0,2.0,3.0,6.0,10.0,6.0,1.0,0.0,5.0,1.0,6.0,26.0,0.0,0.0,2.0,2.0,8.0,2.0,12.0,0.0,0.0,1.0,0.0,8.0,13.0,0.0,4.0,11.0,10.0,6.0
FINANCIER X5,1.0,0.0,0.0,0.0,0.0,0.0,0.0,0.0,0.0,0.0,0.0,0.0,0.0,0.0,2.0,1.0,1.0,2.0,2.0,0.0,2.0,2.0,0.0,2.0,0.0,1.0,0.0,2.0,0.0,0.0,0.0,0.0,1.0,0.0,0.0,1.0,1.0,5.0,1.0,2.0,2.0,0.0,3.0,1.0,0.0,0.0,3.0,3.0,5.0,2.0,0.0,1.0,0.0,2.0,4.0,6.0,2.0,0.0,1.0,3.0,0.0,2.0,0.0,9.0,0.0,3.0,3.0,1.0,0.0,1.0,2.0,0.0,1.0,1.0,1.0,4.0,2.0,2.0,3.0,5.0,3.0,1.0,1.0,2.0,2.0,1.0,0.0,1.0,3.0,4.0,1.0,5.0,5.0,1.0,0.0,5.0,2.0,1.0,1.0,1.0,0.0,0.0,6.0,2.0,3.0,1.0,7.0,0.0,0.0,4.0,1.0,6.0,1.0,3.0,3.0,4.0,0.0,4.0,4.0,5.0,2.0,3.0,0.0,10.0,2.0,4.0,1.0,8.0,3.0,1.0,0.0,1.0,0.0,2.0,1.0,2.0,4.0,4.0,1.0,2.0,3.0,1.0,2.0,7.0,3.0,3.0,4.0,0.0,1.0,3.0,1.0,3.0,0.0,7.0,0.0,1.0,1.0,3.0,1.0,1.0,1.0,1.0,3.0,1.0,5.0,1.0,2.0,2.0,6.0,4.0,4.0,1.0,5.0,1.0,3.0,3.0,7.0,1.0,1.0,2.0,1.0,0.0,7.0,5.0,3.0,7.0,2.0,3.0,2.0,5.0,3.0,5.0,3.0,1.0,1.0,5.0,5.0,6.0,7.0,3.0,2.0,4.0,3.0,8.0,13.0,0.0,8.0,3.0,0.0,5.0,3.0,13.0,5.0,5.0,2.0,3.0,6.0,5.0,7.0,3.0,1.0,1.0,7.0,1.0,1.0,1.0,6.0,4.0,1.0,3.0,1.0,4.0,1.0,1.0,3.0,2.0,0.0,6.0,2.0,0.0,1.0,4.0,1.0,1.0,0.0,1.0,2.0,3.0,0.0,1.0,0.0,0.0,0.0,1.0,1.0,2.0,2.0,1.0,3.0,0.0,6.0,0.0,2.0,0.0,0.0,0.0,1.0,1.0,1.0,0.0,1.0,0.0,2.0,3.0,1.0,0.0,1.0,1.0,0.0,2.0,4.0,2.0,4.0,5.0,6.0,1.0,0.0,5.0,5.0,4.0,1.0,3.0,0.0,0.0,2.0,6.0,1.0,2.0,0.0,0.0,0.0,0.0,3.0,3.0,1.0,0.0,3.0,0.0,1.0,0.0,0.0,0.0,1.0,1.0,8.0,1.0,0.0,0.0,2.0,0.0,0.0,1.0,0.0,0.0,3.0,7.0,0.0,1.0,3.0,7.0,4.0,3.0,2.0,1.0,0.0,3.0,2.0,4.0,3.0,3.0,0.0,0.0,5.0,0.0,3.0,3.0,0.0,0.0,1.0,2.0,1.0,1.0,1.0,2.0,1.0,2.0,1.0,0.0,0.0,1.0,3.0,2.0,1.0,1.0,2.0,3.0,2.0,5.0,0.0,1.0,1.0,2.0,1.0,2.0,3.0,6.0,2.0,1.0,3.0,2.0,2.0,2.0,1.0,1.0,1.0,3.0,1.0,4.0,2.0,1.0,1.0,4.0,1.0,4.0,1.0,0.0,2.0,0.0,0.0,2.0,2.0,1.0,2.0,4.0,2.0,2.0,0.0,1.0,3.0,0.0,3.0,2.0,1.0,3.0,1.0,11.0,0.0,1.0,3.0,1.0,1.0,5.0,0.0,1.0,2.0,0.0,1.0,0.0,1.0,3.0,0.0,0.0,0.0,1.0,3.0,5.0,1.0,5.0,3.0,2.0,6.0,4.0,6.0,3.0,0.0,1.0,1.0,0.0,1.0,2.0,1.0,0.0,3.0,7.0,4.0,0.0,1.0,0.0,2.0,5.0,2.0,1.0,6.0,1.0,0.0,1.0,0.0,1.0,5.0,1.0,2.0,5.0,0.0,6.0,8.0,3.0,7.0,3.0,0.0,0.0,0.0,0.0,1.0,4.0,3.0,2.0,0.0,1.0,2.0,0.0,0.0,6.0,1.0,1.0,5.0,0.0,2.0,4.0,1.0,3.0,1.0,0.0,2.0,0.0,5.0,5.0,3.0,1.0,1.0,1.0,0.0,3.0,10.0,0.0,3.0,2.0,2.0,4.0,3.0,2.0,7.0,0.0,0.0,4.0,2.0,3.0,1.0,0.0,0.0,11.0,1.0,0.0,0.0,0.0,3.0,1.0,1.0,0.0,3.0,3.0,0.0,4.0,4.0,4.0,3.0,2.0,6.0,5.0,6.0,0.0,0.0,6.0,1.0,6.0,3.0,3.0,4.0,3.0,0.0,1.0,12.0,2.0,2.0,0.0,3.0,1.0,1.0,1.0,6.0,2.0,2.0,3.0,2.0,1.0,1.0,0.0,1.0,0.0,0.0,5.0,2.0,1.0,3.0,1.0,0.0,1.0,1.0,1.0,5.0,0.0,1.0,1.0,0.0,3.0,0.0,0.0,0.0,0.0,0.0,0.0
FORMULE SANDWICH,0.0,0.0,4.0,12.0,8.0,6.0,3.0,0.0,6.0,5.0,7.0,13.0,1.0,2.0,5.0,6.0,9.0,5.0,0.0,0.0,6.0,7.0,8.0,13.0,4.0,2.0,6.0,11.0,5.0,9.0,2.0,4.0,10.0,5.0,0.0,4.0,0.0,0.0,8.0,7.0,12.0,9.0,0.0,2.0,5.0,5.0,5.0,13.0,6.0,10.0,13.0,14.0,10.0,10.0,1.0,0.0,13.0,6.0,14.0,5.0,3.0,0.0,11.0,20.0,12.0,16.0,2.0,0.0,9.0,2.0,15.0,9.0,4.0,0.0,20.0,16.0,13.0,14.0,3.0,2.0,4.0,19.0,3.0,7.0,6.0,0.0,12.0,12.0,5.0,9.0,11.0,7.0,0.0,18.0,11.0,8.0,5.0,7.0,4.0,6.0,14.0,7.0,15.0,13.0,13.0,2.0,2.0,20.0,10.0,21.0,4.0,11.0,6.0,7.0,8.0,5.0,12.0,4.0,8.0,11.0,13.0,10.0,13.0,8.0,3.0,11.0,13.0,14.0,15.0,9.0,4.0,18.0,18.0,19.0,21.0,26.0,8.0,2.0,25.0,24.0,14.0,16.0,18.0,8.0,0.0,21.0,17.0,17.0,13.0,12.0,4.0,0.0,17.0,11.0,18.0,16.0,14.0,2.0,5.0,15.0,15.0,15.0,15.0,16.0,0.0,2.0,11.0,21.0,17.0,10.0,8.0,4.0,0.0,15.0,11.0,3.0,23.0,17.0,6.0,2.0,11.0,10.0,17.0,14.0,12.0,4.0,4.0,14.0,9.0,12.0,12.0,7.0,6.0,2.0,11.0,5.0,5.0,13.0,6.0,14.0,10.0,13.0,14.0,13.0,11.0,10.0,4.0,9.0,16.0,6.0,9.0,12.0,9.0,7.0,6.0,11.0,11.0,8.0,8.0,12.0,10.0,9.0,7.0,12.0,7.0,15.0,7.0,3.0,2.0,14.0,10.0,12.0,10.0,16.0,2.0,6.0,9.0,8.0,12.0,12.0,13.0,4.0,4.0,7.0,15.0,0.0,6.0,21.0,2.0,0.0,6.0,11.0,11.0,14.0,10.0,0.0,3.0,11.0,12.0,13.0,8.0,10.0,7.0,1.0,14.0,11.0,15.0,18.0,5.0,2.0,2.0,8.0,15.0,12.0,7.0,9.0,3.0,4.0,7.0,12.0,10.0,8.0,11.0,2.0,1.0,0.0,16.0,8.0,11.0,8.0,9.0,1.0,7.0,9.0,9.0,0.0,4.0,1.0,4.0,6.0,15.0,9.0,7.0,4.0,0.0,12.0,11.0,8.0,6.0,0.0,0.0,12.0,10.0,8.0,7.0,6.0,0.0,5.0,11.0,2.0,0.0,10.0,10.0,7.0,9.0,0.0,1.0,2.0,4.0,9.0,9.0,4.0,0.0,0.0,3.0,4.0,6.0,9.0,0.0,3.0,10.0,0.0,4.0,5.0,1.0,0.0,10.0,11.0,5.0,2.0,1.0,0.0,11.0,6.0,8.0,9.0,0.0,0.0,12.0,10.0,12.0,9.0,2.0,0.0,7.0,7.0,11.0,13.0,1.0,0.0,5.0,8.0,8.0,11.0,5.0,1.0,7.0,13.0,16.0,8.0,3.0,0.0,13.0,6.0,7.0,12.0,1.0,0.0,13.0,17.0,15.0,13.0,14.0,3.0,0.0,16.0,14.0,10.0,11.0,9.0,0.0,2.0,19.0,9.0,12.0,15.0,5.0,3.0,0.0,21.0,21.0,15.0,9.0,12.0,0.0,2.0,13.0,8.0,9.0,9.0,12.0,3.0,0.0,10.0,21.0,14.0,11.0,9.0,6.0,5.0,16.0,12.0,15.0,4.0,8.0,5.0,0.0,4.0,17.0,4.0,11.0,7.0,6.0,0.0,10.0,17.0,13.0,11.0,16.0,9.0,6.0,18.0,13.0,13.0,26.0,2.0,0.0,9.0,11.0,6.0,14.0,13.0,3.0,0.0,19.0,16.0,12.0,11.0,8.0,3.0,6.0,12.0,14.0,7.0,4.0,24.0,8.0,4.0,16.0,15.0,7.0,14.0,7.0,10.0,3.0,4.0,10.0,10.0,7.0,19.0,4.0,6.0,12.0,15.0,12.0,16.0,13.0,9.0,6.0,13.0,7.0,6.0,9.0,12.0,11.0,0.0,22.0,8.0,14.0,16.0,17.0,3.0,0.0,14.0,10.0,9.0,11.0,10.0,5.0,6.0,17.0,23.0,11.0,0.0,14.0,9.0,7.0,13.0,8.0,15.0,10.0,11.0,1.0,0.0,11.0,25.0,10.0,15.0,10.0,11.0,2.0,10.0,16.0,13.0,16.0,11.0,14.0,6.0,14.0,10.0,22.0,10.0,8.0,15.0,2.0,5.0,12.0,8.0,6.0,3.0,5.0,4.0,8.0,15.0,13.0,14.0,17.0,1.0,14.0,9.0,16.0,10.0,14.0,6.0,3.0,12.0,5.0,10.0,10.0,4.0,6.0,2.0,10.0,6.0,12.0,6.0,10.0,6.0,0.0,5.0,12.0,8.0,5.0,5.0,0.0,6.0,13.0,9.0,3.0,9.0
MOISSON,10.0,6.0,1.0,6.0,7.0,5.0,4.0,1.0,0.0,2.0,4.0,5.0,4.0,5.0,1.0,2.0,5.0,1.0,5.0,5.0,5.0,2.0,5.0,1.0,4.0,5.0,2.0,4.0,4.0,5.0,5.0,5.0,3.0,7.0,5.0,4.0,4.0,5.0,2.0,4.0,3.0,4.0,5.0,10.0,7.0,8.0,9.0,6.0,10.0,10.0,10.0,10.0,10.0,10.0,7.0,10.0,4.0,5.0,5.0,5.0,4.0,8.0,7.0,5.0,5.0,2.0,6.0,8.0,6.0,8.0,4.0,4.0,6.0,4.0,5.0,5.0,5.0,6.0,8.0,11.0,5.0,5.0,9.0,4.0,10.0,7.0,10.0,6.0,7.0,7.0,6.0,6.0,7.0,6.0,6.0,6.0,9.0,5.0,4.0,10.0,7.0,8.0,2.0,6.0,6.0,10.0,10.0,4.0,6.0,6.0,6.0,8.0,10.0,12.0,6.0,5.0,5.0,10.0,11.0,8.0,8.0,7.0,5.0,6.0,6.0,6.0,4.0,9.0,4.0,5.0,10.0,3.0,3.0,6.0,7.0,6.0,5.0,6.0,5.0,6.0,7.0,4.0,5.0,5.0,8.0,5.0,5.0,5.0,5.0,2.0,7.0,6.0,6.0,5.0,2.0,5.0,9.0,1.0,6.0,8.0,5.0,10.0,7.0,5.0,9.0,6.0,8.0,4.0,5.0,10.0,8.0,8.0,8.0,8.0,8.0,10.0,9.0,8.0,8.0,15.0,8.0,3.0,5.0,11.0,8.0,7.0,15.0,8.0,7.0,8.0,1.0,8.0,8.0,9.0,7.0,8.0,6.0,9.0,10.0,6.0,8.0,7.0,8.0,8.0,8.0,10.0,11.0,10.0,10.0,5.0,10.0,9.0,9.0,10.0,7.0,4.0,10.0,3.0,10.0,8.0,10.0,10.0,10.0,10.0,8.0,7.0,5.0,6.0,8.0,6.0,6.0,7.0,10.0,6.0,6.0,6.0,6.0,3.0,4.0,3.0,4.0,4.0,6.0,7.0,5.0,2.0,3.0,2.0,4.0,5.0,2.0,4.0,3.0,2.0,4.0,2.0,6.0,2.0,5.0,6.0,6.0,6.0,7.0,3.0,3.0,2.0,4.0,3.0,1.0,3.0,5.0,5.0,5.0,3.0,6.0,3.0,6.0,6.0,3.0,3.0,8.0,8.0,6.0,8.0,8.0,8.0,7.0,6.0,4.0,6.0,4.0,6.0,3.0,4.0,4.0,6.0,3.0,1.0,6.0,4.0,4.0,4.0,2.0,4.0,1.0,1.0,4.0,3.0,3.0,3.0,4.0,3.0,4.0,1.0,3.0,1.0,6.0,4.0,4.0,3.0,5.0,5.0,4.0,4.0,5.0,4.0,5.0,4.0,6.0,2.0,2.0,21.0,0.0,1.0,5.0,5.0,5.0,3.0,5.0,6.0,6.0,0.0,3.0,6.0,7.0,5.0,4.0,6.0,0.0,5.0,0.0,4.0,1.0,4.0,1.0,3.0,3.0,2.0,4.0,6.0,7.0,5.0,2.0,3.0,1.0,1.0,2.0,5.0,1.0,6.0,2.0,5.0,5.0,3.0,5.0,6.0,4.0,6.0,4.0,6.0,6.0,6.0,7.0,6.0,6.0,4.0,5.0,8.0,6.0,5.0,3.0,7.0,2.0,2.0,7.0,6.0,6.0,1.0,1.0,3.0,1.0,4.0,6.0,5.0,0.0,2.0,1.0,5.0,4.0,4.0,4.0,0.0,2.0,2.0,3.0,5.0,3.0,5.0,0.0,2.0,5.0,6.0,2.0,4.0,3.0,4.0,3.0,2.0,6.0,6.0,6.0,8.0,4.0,5.0,4.0,8.0,2.0,10.0,4.0,8.0,8.0,5.0,2.0,3.0,2.0,4.0,5.0,8.0,3.0,8.0,4.0,8.0,6.0,5.0,3.0,6.0,6.0,5.0,5.0,6.0,7.0,1.0,5.0,6.0,4.0,5.0,6.0,4.0,4.0,2.0,6.0,6.0,8.0,6.0,10.0,10.0,10.0,7.0,6.0,4.0,6.0,3.0,6.0,8.0,10.0,8.0,6.0,4.0,1.0,2.0,5.0,6.0,5.0,6.0,5.0,6.0,6.0,8.0,4.0,2.0,6.0,1.0,6.0,6.0,6.0,4.0,5.0,3.0,4.0,8.0,4.0,6.0,4.0,8.0,2.0,6.0,3.0,7.0,6.0,10.0,6.0,7.0,10.0,12.0,11.0,10.0,8.0,4.0,5.0,7.0,5.0,7.0,6.0,10.0,9.0,6.0,2.0,7.0,7.0,9.0,10.0,13.0,6.0,10.0,6.0,7.0,10.0,5.0,10.0,10.0,10.0,10.0,11.0,10.0,10.0,10.0,10.0,8.0,10.0,6.0,5.0,10.0,9.0,10.0,7.0,5.0,8.0,4.0,10.0,6.0,6.0,3.0,6.0,7.0,8.0,3.0,8.0,6.0,2.0,2.0,6.0,6.0,6.0,5.0,3.0,5.0,1.0,6.0,5.0,6.0,3.0,5.0,4.0,6.0,6.0,6.0,6.0,4.0,6.0,5.0
PAIN AU CHOCOLAT,48.0,45.0,17.0,6.0,15.0,22.0,25.0,42.0,17.0,12.0,18.0,26.0,16.0,47.0,14.0,11.0,0.0,23.0,33.0,22.0,21.0,19.0,20.0,18.0,28.0,48.0,14.0,11.0,19.0,27.0,35.0,47.0,14.0,19.0,26.0,14.0,30.0,72.0,11.0,21.0,5.0,28.0,30.0,63.0,43.0,37.0,36.0,61.0,47.0,136.0,36.0,26.0,35.0,36.0,51.0,79.0,24.0,32.0,28.0,38.0,51.0,71.0,31.0,30.0,16.0,35.0,38.0,50.0,19.0,13.0,15.0,35.0,22.0,43.0,13.0,26.0,16.0,31.0,40.0,103.0,43.0,24.0,31.0,10.0,35.0,40.0,20.0,36.0,12.0,14.0,38.0,46.0,82.0,19.0,41.0,23.0,30.0,27.0,50.0,94.0,38.0,20.0,18.0,25.0,17.0,35.0,73.0,26.0,17.0,32.0,27.0,25.0,73.0,49.0,21.0,30.0,25.0,65.0,110.0,123.0,144.0,17.0,63.0,100.0,107.0,30.0,8.0,12.0,23.0,49.0,78.0,19.0,9.0,21.0,14.0,42.0,46.0,93.0,16.0,30.0,34.0,36.0,32.0,67.0,112.0,28.0,30.0,21.0,23.0,20.0,46.0,86.0,10.0,30.0,9.0,22.0,33.0,48.0,84.0,23.0,16.0,13.0,34.0,41.0,46.0,79.0,22.0,30.0,36.0,25.0,37.0,66.0,93.0,59.0,42.0,70.0,59.0,65.0,103.0,120.0,43.0,65.0,32.0,68.0,74.0,112.0,112.0,44.0,35.0,64.0,40.0,61.0,88.0,104.0,109.0,96.0,74.0,55.0,74.0,54.0,117.0,97.0,59.0,68.0,91.0,94.0,98.0,189.0,54.0,63.0,56.0,72.0,65.0,119.0,154.0,60.0,43.0,23.0,72.0,34.0,67.0,74.0,36.0,52.0,16.0,22.0,38.0,66.0,77.0,18.0,27.0,27.0,12.0,24.0,33.0,89.0,31.0,23.0,20.0,23.0,30.0,43.0,43.0,23.0,23.0,0.0,31.0,32.0,45.0,67.0,19.0,27.0,27.0,19.0,24.0,42.0,48.0,22.0,23.0,23.0,27.0,27.0,38.0,70.0,22.0,17.0,24.0,15.0,31.0,23.0,58.0,8.0,23.0,20.0,19.0,21.0,45.0,68.0,26.0,39.0,47.0,28.0,42.0,45.0,96.0,76.0,38.0,20.0,20.0,23.0,59.0,44.0,30.0,12.0,29.0,41.0,19.0,21.0,70.0,3.0,19.0,13.0,13.0,32.0,44.0,12.0,16.0,12.0,16.0,21.0,64.0,19.0,22.0,18.0,31.0,21.0,47.0,16.0,25.0,39.0,48.0,11.0,18.0,17.0,43.0,28.0,62.0,34.0,33.0,16.0,29.0,37.0,61.0,59.0,37.0,27.0,38.0,22.0,30.0,71.0,22.0,6.0,23.0,12.0,19.0,33.0,14.0,17.0,7.0,19.0,22.0,52.0,10.0,14.0,23.0,30.0,12.0,38.0,7.0,23.0,23.0,29.0,29.0,47.0,12.0,12.0,17.0,8.0,19.0,38.0,14.0,23.0,28.0,23.0,17.0,52.0,18.0,46.0,26.0,46.0,28.0,87.0,16.0,20.0,34.0,37.0,38.0,68.0,15.0,17.0,15.0,22.0,23.0,45.0,76.0,23.0,20.0,31.0,18.0,12.0,27.0,50.0,13.0,20.0,24.0,18.0,28.0,31.0,80.0,26.0,17.0,32.0,29.0,24.0,42.0,65.0,11.0,17.0,20.0,12.0,33.0,25.0,32.0,20.0,22.0,8.0,28.0,13.0,32.0,46.0,21.0,27.0,14.0,20.0,31.0,81.0,105.0,85.0,47.0,26.0,43.0,43.0,36.0,67.0,27.0,28.0,25.0,19.0,43.0,52.0,90.0,34.0,17.0,32.0,19.0,37.0,78.0,21.0,21.0,21.0,20.0,25.0,28.0,77.0,22.0,11.0,18.0,29.0,25.0,50.0,66.0,14.0,21.0,19.0,75.0,108.0,97.0,157.0,28.0,19.0,29.0,19.0,26.0,44.0,129.0,118.0,26.0,16.0,24.0,21.0,60.0,84.0,33.0,27.0,15.0,29.0,15.0,44.0,91.0,28.0,40.0,30.0,29.0,34.0,34.0,68.0,20.0,19.0,16.0,41.0,39.0,38.0,60.0,26.0,28.0,37.0,26.0,33.0,63.0,106.0,54.0,57.0,38.0,81.0,131.0,112.0,138.0,86.0,52.0,64.0,68.0,67.0,83.0,97.0,76.0,39.0,60.0,54.0,45.0,102.0,163.0,84.0,79.0,47.0,63.0,77.0,83.0,154.0,116.0,70.0,68.0,94.0,103.0,92.0,232.0,109.0,62.0,70.0,106.0,71.0,83.0,141.0,72.0,61.0,60.0,30.0,57.0,59.0,76.0,38.0,37.0,43.0,26.0,30.0,39.0,45.0,16.0,31.0,27.0,40.0,40.0,92.0,18.0,26.0,20.0,25.0,27.0,36.0,63.0,14.0,23.0,23.0,38.0,38.0,62.0,22.0,22.0,17.0,36.0,32.0
PAIN BANETTE,6.0,5.0,0.0,5.0,2.0,5.0,6.0,6.0,2.0,0.0,6.0,1.0,5.0,6.0,3.0,2.0,3.0,2.0,7.0,2.0,2.0,2.0,4.0,3.0,6.0,1.0,5.0,3.0,2.0,1.0,1.0,5.0,3.0,5.0,4.0,4.0,7.0,6.0,2.0,1.0,6.0,4.0,7.0,7.0,7.0,7.0,4.0,7.0,7.0,7.0,7.0,7.0,7.0,7.0,10.0,8.0,5.0,6.0,6.0,5.0,6.0,6.0,5.0,6.0,1.0,1.0,6.0,6.0,5.0,1.0,5.0,2.0,3.0,6.0,6.0,7.0,3.0,8.0,7.0,6.0,6.0,1.0,7.0,5.0,5.0,7.0,2.0,3.0,5.0,6.0,3.0,2.0,7.0,7.0,8.0,1.0,6.0,4.0,5.0,8.0,4.0,5.0,4.0,5.0,5.0,4.0,7.0,6.0,5.0,4.0,3.0,8.0,4.0,5.0,1.0,2.0,6.0,9.0,10.0,10.0,8.0,4.0,7.0,6.0,8.0,4.0,4.0,4.0,6.0,4.0,6.0,3.0,5.0,1.0,3.0,6.0,9.0,6.0,6.0,5.0,4.0,4.0,5.0,3.0,5.0,6.0,0.0,5.0,1.0,5.0,6.0,6.0,4.0,6.0,5.0,5.0,6.0,7.0,10.0,5.0,3.0,2.0,4.0,4.0,3.0,6.0,5.0,5.0,3.0,4.0,10.0,8.0,8.0,12.0,8.0,8.0,11.0,12.0,15.0,14.0,16.0,9.0,3.0,15.0,12.0,10.0,13.0,9.0,11.0,2.0,7.0,7.0,10.0,10.0,10.0,12.0,12.0,8.0,11.0,7.0,13.0,12.0,10.0,12.0,12.0,11.0,10.0,12.0,10.0,12.0,6.0,12.0,9.0,6.0,12.0,8.0,12.0,6.0,7.0,8.0,12.0,6.0,6.0,4.0,4.0,6.0,4.0,7.0,4.0,5.0,6.0,5.0,5.0,5.0,3.0,3.0,3.0,3.0,2.0,5.0,4.0,7.0,6.0,6.0,3.0,0.0,1.0,3.0,5.0,5.0,6.0,5.0,4.0,4.0,5.0,6.0,5.0,4.0,3.0,4.0,4.0,6.0,6.0,6.0,3.0,3.0,5.0,3.0,2.0,2.0,4.0,5.0,2.0,2.0,5.0,3.0,4.0,6.0,4.0,5.0,5.0,3.0,4.0,4.0,5.0,5.0,5.0,2.0,4.0,5.0,5.0,5.0,2.0,2.0,4.0,3.0,3.0,3.0,5.0,2.0,1.0,4.0,5.0,5.0,3.0,5.0,2.0,5.0,2.0,5.0,5.0,4.0,1.0,4.0,1.0,2.0,5.0,5.0,2.0,2.0,4.0,2.0,3.0,3.0,4.0,5.0,4.0,5.0,4.0,4.0,2.0,4.0,1.0,4.0,3.0,5.0,1.0,2.0,5.0,4.0,3.0,0.0,3.0,0.0,4.0,4.0,1.0,4.0,2.0,3.0,2.0,2.0,4.0,4.0,4.0,3.0,4.0,6.0,1.0,3.0,1.0,3.0,3.0,3.0,4.0,5.0,5.0,4.0,3.0,0.0,5.0,5.0,2.0,3.0,5.0,1.0,1.0,5.0,6.0,5.0,5.0,5.0,3.0,4.0,3.0,4.0,5.0,5.0,2.0,6.0,5.0,3.0,3.0,4.0,5.0,1.0,4.0,1.0,2.0,1.0,4.0,3.0,2.0,0.0,3.0,2.0,2.0,3.0,1.0,2.0,2.0,2.0,3.0,0.0,3.0,5.0,3.0,4.0,1.0,1.0,5.0,1.0,5.0,1.0,2.0,2.0,1.0,2.0,5.0,4.0,5.0,2.0,3.0,6.0,5.0,6.0,0.0,7.0,5.0,7.0,6.0,1.0,3.0,3.0,4.0,3.0,2.0,2.0,4.0,7.0,7.0,4.0,6.0,5.0,1.0,7.0,6.0,4.0,4.0,2.0,3.0,3.0,7.0,6.0,3.0,2.0,4.0,3.0,3.0,3.0,7.0,2.0,7.0,7.0,10.0,9.0,9.0,9.0,2.0,3.0,4.0,5.0,3.0,5.0,6.0,5.0,5.0,3.0,6.0,4.0,4.0,5.0,4.0,5.0,5.0,5.0,5.0,6.0,5.0,5.0,4.0,6.0,3.0,4.0,5.0,4.0,4.0,6.0,5.0,4.0,4.0,6.0,5.0,5.0,4.0,6.0,3.0,6.0,7.0,9.0,8.0,7.0,8.0,8.0,7.0,8.0,8.0,7.0,7.0,8.0,2.0,8.0,8.0,8.0,5.0,8.0,6.0,7.0,8.0,9.0,10.0,10.0,8.0,10.0,9.0,8.0,10.0,8.0,9.0,9.0,10.0,9.0,9.0,10.0,9.0,10.0,8.0,8.0,8.0,8.0,7.0,9.0,7.0,5.0,4.0,4.0,7.0,8.0,8.0,5.0,6.0,5.0,6.0,6.0,4.0,6.0,5.0,4.0,4.0,6.0,5.0,6.0,5.0,5.0,5.0,5.0,3.0,6.0,6.0,3.0,4.0,3.0,5.0,5.0,5.0,3.0,5.0,6.0,5.0,3.0
SAND JB EMMENTAL,9.0,0.0,1.0,1.0,0.0,4.0,0.0,0.0,5.0,1.0,1.0,5.0,0.0,0.0,6.0,1.0,0.0,2.0,2.0,0.0,3.0,1.0,0.0,2.0,1.0,0.0,1.0,2.0,2.0,4.0,0.0,0.0,0.0,1.0,0.0,0.0,1.0,0.0,0.0,1.0,0.0,1.0,1.0,0.0,4.0,2.0,0.0,9.0,5.0,1.0,2.0,3.0,2.0,4.0,4.0,0.0,1.0,4.0,5.0,4.0,0.0,0.0,4.0,2.0,1.0,1.0,1.0,0.0,6.0,3.0,2.0,4.0,3.0,3.0,7.0,3.0,0.0,1.0,1.0,1.0,0.0,6.0,0.0,3.0,2.0,0.0,3.0,3.0,1.0,1.0,2.0,0.0,0.0,4.0,4.0,3.0,4.0,6.0,1.0,0.0,1.0,0.0,4.0,6.0,3.0,1.0,1.0,4.0,1.0,2.0,2.0,2.0,3.0,0.0,2.0,3.0,4.0,0.0,2.0,1.0,7.0,5.0,4.0,0.0,0.0,7.0,2.0,2.0,6.0,4.0,0.0,9.0,4.0,4.0,5.0,8.0,5.0,5.0,3.0,3.0,6.0,2.0,8.0,1.0,1.0,8.0,7.0,2.0,1.0,4.0,2.0,0.0,1.0,5.0,3.0,4.0,2.0,2.0,1.0,2.0,3.0,5.0,1.0,4.0,1.0,0.0,5.0,3.0,4.0,3.0,2.0,8.0,2.0,4.0,4.0,2.0,12.0,8.0,4.0,0.0,1.0,10.0,8.0,8.0,11.0,2.0,2.0,6.0,3.0,2.0,7.0,4.0,1.0,1.0,2.0,2.0,4.0,2.0,6.0,8.0,0.0,3.0,5.0,15.0,7.0,8.0,6.0,3.0,4.0,6.0,11.0,4.0,11.0,1.0,0.0,7.0,9.0,5.0,8.0,8.0,3.0,8.0,6.0,4.0,6.0,4.0,5.0,2.0,4.0,4.0,4.0,6.0,8.0,5.0,1.0,0.0,4.0,4.0,6.0,9.0,2.0,1.0,0.0,7.0,9.0,0.0,7.0,2.0,1.0,0.0,5.0,4.0,4.0,5.0,5.0,2.0,0.0,3.0,4.0,2.0,3.0,4.0,3.0,1.0,2.0,1.0,6.0,6.0,4.0,1.0,0.0,1.0,5.0,3.0,4.0,4.0,2.0,0.0,1.0,2.0,6.0,4.0,2.0,0.0,0.0,1.0,3.0,1.0,2.0,3.0,3.0,0.0,4.0,3.0,4.0,1.0,0.0,0.0,0.0,2.0,3.0,0.0,2.0,0.0,0.0,1.0,2.0,1.0,2.0,2.0,0.0,3.0,3.0,1.0,0.0,1.0,0.0,2.0,1.0,1.0,0.0,5.0,2.0,6.0,2.0,0.0,0.0,2.0,4.0,1.0,0.0,1.0,0.0,0.0,1.0,2.0,1.0,0.0,0.0,1.0,3.0,0.0,2.0,2.0,0.0,0.0,3.0,1.0,6.0,6.0,3.0,0.0,7.0,4.0,4.0,3.0,0.0,0.0,1.0,2.0,1.0,1.0,3.0,0.0,3.0,1.0,5.0,4.0,1.0,0.0,5.0,5.0,4.0,5.0,6.0,1.0,3.0,4.0,4.0,3.0,0.0,0.0,3.0,1.0,6.0,1.0,0.0,0.0,5.0,4.0,4.0,0.0,1.0,0.0,0.0,4.0,3.0,2.0,2.0,3.0,1.0,0.0,7.0,4.0,1.0,1.0,5.0,0.0,1.0,3.0,2.0,6.0,3.0,2.0,0.0,0.0,2.0,3.0,3.0,2.0,2.0,1.0,0.0,3.0,5.0,2.0,3.0,1.0,0.0,8.0,3.0,4.0,1.0,3.0,3.0,1.0,0.0,7.0,4.0,5.0,4.0,4.0,2.0,1.0,3.0,4.0,6.0,2.0,2.0,3.0,2.0,2.0,5.0,4.0,4.0,0.0,1.0,7.0,5.0,3.0,5.0,2.0,2.0,3.0,4.0,3.0,4.0,4.0,4.0,7.0,2.0,7.0,1.0,2.0,0.0,3.0,3.0,2.0,8.0,4.0,5.0,3.0,11.0,3.0,2.0,3.0,0.0,1.0,6.0,7.0,0.0,3.0,2.0,6.0,3.0,1.0,3.0,2.0,2.0,7.0,2.0,5.0,3.0,1.0,4.0,0.0,0.0,7.0,2.0,4.0,3.0,1.0,1.0,4.0,8.0,3.0,3.0,6.0,3.0,0.0,2.0,4.0,10.0,0.0,6.0,6.0,1.0,6.0,7.0,1.0,5.0,8.0,0.0,1.0,5.0,0.0,3.0,4.0,3.0,8.0,10.0,6.0,7.0,3.0,4.0,4.0,4.0,0.0,9.0,7.0,2.0,4.0,11.0,2.0,0.0,1.0,4.0,3.0,3.0,3.0,4.0,0.0,5.0,2.0,1.0,5.0,7.0,4.0,8.0,5.0,7.0,2.0,2.0,4.0,5.0,6.0,2.0,1.0,2.0,2.0,2.0,3.0,4.0,6.0,1.0,4.0,3.0,4.0,0.0,8.0,4.0,8.0,4.0,0.0,0.0,4.0,4.0,3.0,2.0,7.0
SANDWICH COMPLET,2.0,0.0,4.0,5.0,2.0,6.0,0.0,0.0,3.0,5.0,8.0,4.0,0.0,1.0,5.0,2.0,2.0,3.0,1.0,0.0,2.0,3.0,4.0,6.0,2.0,0.0,3.0,1.0,9.0,4.0,1.0,0.0,3.0,5.0,1.0,4.0,1.0,0.0,5.0,5.0,2.0,3.0,1.0,0.0,5.0,7.0,9.0,8.0,6.0,5.0,4.0,9.0,7.0,9.0,3.0,0.0,6.0,9.0,7.0,5.0,0.0,2.0,5.0,12.0,8.0,12.0,6.0,0.0,11.0,6.0,11.0,3.0,4.0,2.0,3.0,5.0,8.0,7.0,0.0,1.0,4.0,5.0,11.0,8.0,0.0,0.0,4.0,10.0,9.0,8.0,3.0,1.0,3.0,7.0,7.0,6.0,9.0,11.0,4.0,3.0,2.0,4.0,6.0,13.0,6.0,3.0,3.0,10.0,6.0,10.0,13.0,6.0,1.0,0.0,4.0,13.0,5.0,5.0,7.0,0.0,4.0,3.0,4.0,4.0,2.0,5.0,5.0,3.0,4.0,4.0,3.0,7.0,8.0,6.0,5.0,6.0,0.0,1.0,4.0,11.0,9.0,10.0,14.0,3.0,0.0,5.0,13.0,8.0,9.0,6.0,4.0,0.0,3.0,7.0,3.0,13.0,10.0,0.0,2.0,9.0,12.0,10.0,9.0,7.0,2.0,2.0,2.0,7.0,5.0,10.0,5.0,1.0,2.0,6.0,3.0,2.0,4.0,6.0,6.0,0.0,3.0,5.0,9.0,9.0,13.0,2.0,1.0,5.0,2.0,6.0,3.0,5.0,1.0,1.0,1.0,8.0,2.0,5.0,3.0,7.0,0.0,4.0,14.0,12.0,12.0,10.0,7.0,1.0,5.0,6.0,4.0,3.0,8.0,3.0,0.0,8.0,6.0,6.0,3.0,9.0,7.0,2.0,8.0,13.0,13.0,5.0,6.0,3.0,5.0,11.0,9.0,11.0,10.0,7.0,3.0,0.0,8.0,11.0,9.0,9.0,6.0,1.0,1.0,12.0,7.0,0.0,12.0,5.0,3.0,3.0,5.0,7.0,6.0,1.0,6.0,3.0,4.0,1.0,9.0,5.0,5.0,9.0,17.0,4.0,3.0,6.0,0.0,4.0,5.0,7.0,3.0,4.0,6.0,5.0,1.0,4.0,3.0,0.0,6.0,7.0,8.0,4.0,2.0,0.0,0.0,0.0,4.0,3.0,2.0,7.0,1.0,1.0,12.0,11.0,9.0,6.0,1.0,1.0,1.0,4.0,2.0,4.0,3.0,3.0,1.0,2.0,7.0,6.0,6.0,2.0,0.0,1.0,5.0,4.0,0.0,0.0,0.0,5.0,4.0,4.0,0.0,11.0,2.0,12.0,4.0,1.0,0.0,5.0,5.0,2.0,1.0,2.0,0.0,0.0,0.0,1.0,3.0,7.0,1.0,3.0,4.0,0.0,7.0,5.0,0.0,0.0,7.0,1.0,10.0,6.0,1.0,0.0,14.0,5.0,5.0,6.0,2.0,0.0,4.0,4.0,5.0,6.0,3.0,0.0,1.0,1.0,3.0,8.0,3.0,0.0,3.0,3.0,2.0,7.0,3.0,0.0,5.0,6.0,9.0,1.0,1.0,0.0,4.0,5.0,5.0,6.0,1.0,0.0,1.0,5.0,5.0,4.0,5.0,4.0,0.0,14.0,6.0,1.0,1.0,1.0,4.0,0.0,6.0,4.0,9.0,6.0,6.0,0.0,0.0,1.0,0.0,6.0,8.0,3.0,4.0,0.0,5.0,8.0,4.0,2.0,5.0,1.0,0.0,10.0,6.0,6.0,9.0,5.0,2.0,5.0,3.0,5.0,7.0,6.0,7.0,2.0,0.0,0.0,9.0,10.0,5.0,11.0,1.0,0.0,4.0,9.0,9.0,11.0,2.0,2.0,4.0,8.0,6.0,13.0,4.0,4.0,0.0,11.0,11.0,4.0,9.0,9.0,8.0,0.0,7.0,5.0,5.0,6.0,7.0,1.0,0.0,7.0,10.0,4.0,3.0,7.0,0.0,2.0,5.0,22.0,8.0,3.0,4.0,9.0,1.0,1.0,5.0,8.0,9.0,7.0,3.0,5.0,4.0,6.0,6.0,5.0,8.0,3.0,1.0,9.0,8.0,5.0,6.0,4.0,6.0,1.0,2.0,12.0,3.0,10.0,5.0,1.0,2.0,6.0,6.0,1.0,8.0,4.0,5.0,1.0,3.0,3.0,7.0,0.0,9.0,13.0,3.0,4.0,3.0,4.0,4.0,10.0,4.0,4.0,3.0,5.0,7.0,3.0,11.0,6.0,7.0,9.0,16.0,8.0,8.0,9.0,9.0,6.0,9.0,13.0,6.0,7.0,9.0,7.0,0.0,0.0,4.0,1.0,5.0,4.0,15.0,0.0,8.0,7.0,3.0,3.0,5.0,11.0,5.0,6.0,12.0,6.0,3.0,3.0,3.0,8.0,6.0,1.0,1.0,3.0,0.0,6.0,2.0,6.0,4.0,7.0,5.0,4.0,0.0,6.0,4.0,2.0,5.0,0.0,0.0,5.0,10.0,6.0,8.0,1.0
SPECIAL BREAD,8.0,7.0,7.0,7.0,6.0,6.0,8.0,8.0,1.0,4.0,8.0,7.0,10.0,8.0,7.0,7.0,6.0,8.0,7.0,10.0,4.0,9.0,8.0,4.0,8.0,8.0,5.0,4.0,7.0,7.0,9.0,10.0,8.0,12.0,6.0,8.0,10.0,7.0,4.0,8.0,8.0,8.0,10.0,12.0,10.0,8.0,9.0,9.0,16.0,19.0,8.0,8.0,8.0,8.0,10.0,10.0,10.0,10.0,8.0,8.0,10.0,10.0,10.0,6.0,7.0,5.0,10.0,10.0,8.0,5.0,8.0,6.0,7.0,10.0,5.0,7.0,5.0,6.0,14.0,16.0,15.0,10.0,7.0,9.0,9.0,10.0,9.0,7.0,7.0,6.0,10.0,6.0,19.0,4.0,10.0,4.0,11.0,7.0,13.0,13.0,5.0,10.0,6.0,4.0,6.0,7.0,4.0,8.0,8.0,7.0,8.0,7.0,14.0,15.0,7.0,9.0,10.0,16.0,20.0,19.0,16.0,7.0,10.0,15.0,14.0,9.0,8.0,9.0,8.0,8.0,13.0,8.0,8.0,6.0,5.0,8.0,10.0,14.0,5.0,8.0,7.0,7.0,8.0,9.0,15.0,9.0,8.0,6.0,5.0,6.0,9.0,10.0,6.0,4.0,7.0,10.0,9.0,7.0,13.0,5.0,7.0,7.0,8.0,10.0,12.0,11.0,10.0,8.0,8.0,12.0,12.0,10.0,24.0,15.0,13.0,20.0,13.0,15.0,14.0,22.0,19.0,16.0,16.0,19.0,16.0,13.0,22.0,20.0,19.0,12.0,7.0,11.0,15.0,22.0,14.0,22.0,15.0,17.0,20.0,20.0,20.0,16.0,13.0,16.0,15.0,5.0,15.0,19.0,15.0,9.0,14.0,13.0,9.0,16.0,15.0,15.0,15.0,8.0,11.0,8.0,11.0,16.0,8.0,6.0,9.0,2.0,8.0,10.0,9.0,10.0,9.0,10.0,10.0,8.0,15.0,14.0,11.0,2.0,7.0,2.0,4.0,9.0,11.0,5.0,5.0,2.0,3.0,9.0,7.0,11.0,1.0,4.0,6.0,6.0,3.0,4.0,8.0,7.0,2.0,5.0,6.0,6.0,9.0,9.0,5.0,3.0,3.0,1.0,4.0,6.0,8.0,6.0,1.0,2.0,6.0,6.0,1.0,10.0,8.0,7.0,6.0,8.0,11.0,15.0,10.0,12.0,8.0,9.0,7.0,6.0,7.0,8.0,5.0,6.0,5.0,8.0,5.0,7.0,5.0,4.0,3.0,5.0,6.0,7.0,5.0,3.0,5.0,5.0,5.0,8.0,10.0,5.0,6.0,5.0,6.0,6.0,12.0,2.0,6.0,6.0,10.0,4.0,6.0,8.0,7.0,8.0,9.0,12.0,7.0,8.0,12.0,18.0,9.0,12.0,11.0,11.0,10.0,10.0,16.0,14.0,6.0,2.0,7.0,4.0,4.0,5.0,4.0,9.0,2.0,4.0,5.0,6.0,13.0,6.0,6.0,4.0,6.0,9.0,8.0,8.0,4.0,6.0,9.0,8.0,4.0,4.0,5.0,4.0,7.0,8.0,5.0,8.0,6.0,3.0,10.0,14.0,7.0,10.0,10.0,9.0,13.0,9.0,8.0,13.0,9.0,9.0,14.0,10.0,10.0,10.0,5.0,5.0,10.0,9.0,15.0,9.0,4.0,3.0,4.0,0.0,3.0,7.0,7.0,5.0,2.0,4.0,5.0,5.0,8.0,6.0,6.0,2.0,3.0,6.0,8.0,10.0,6.0,7.0,4.0,5.0,6.0,8.0,7.0,3.0,6.0,0.0,3.0,4.0,6.0,8.0,8.0,7.0,5.0,11.0,10.0,17.0,12.0,15.0,10.0,8.0,10.0,9.0,8.0,10.0,8.0,8.0,8.0,9.0,6.0,10.0,11.0,8.0,8.0,9.0,10.0,10.0,12.0,7.0,8.0,6.0,8.0,3.0,10.0,10.0,8.0,8.0,8.0,8.0,8.0,9.0,10.0,8.0,5.0,10.0,15.0,20.0,20.0,20.0,8.0,8.0,6.0,6.0,8.0,15.0,16.0,15.0,8.0,6.0,5.0,2.0,5.0,12.0,7.0,6.0,7.0,7.0,5.0,7.0,12.0,8.0,8.0,8.0,4.0,7.0,12.0,12.0,8.0,6.0,11.0,10.0,9.0,11.0,15.0,10.0,7.0,7.0,7.0,10.0,10.0,21.0,12.0,13.0,14.0,20.0,20.0,22.0,17.0,15.0,9.0,15.0,9.0,12.0,15.0,13.0,14.0,15.0,7.0,9.0,15.0,15.0,18.0,15.0,14.0,15.0,15.0,11.0,16.0,18.0,15.0,14.0,16.0,17.0,15.0,17.0,19.0,15.0,14.0,16.0,12.0,16.0,14.0,14.0,11.0,10.0,10.0,12.0,7.0,8.0,12.0,8.0,8.0,3.0,7.0,8.0,8.0,8.0,4.0,5.0,4.0,6.0,18.0,12.0,10.0,4.0,7.0,6.0,7.0,11.0,12.0,8.0,10.0,7.0,8.0,8.0,12.0,7.0,8.0,10.0,7.0,10.0
TARTELETTE,0.0,0.0,0.0,0.0,0.0,0.0,0.0,0.0,0.0,0.0,0.0,0.0,0.0,0.0,0.0,0.0,7.0,8.0,5.0,14.0,3.0,4.0,1.0,10.0,4.0,7.0,5.0,3.0,3.0,8.0,9.0,23.0,13.0,7.0,4.0,5.0,5.0,22.0,0.0,6.0,5.0,3.0,9.0,20.0,3.0,6.0,3.0,14.0,19.0,22.0,8.0,9.0,12.0,2.0,13.0,22.0,9.0,9.0,5.0,6.0,28.0,25.0,10.0,5.0,4.0,3.0,4.0,18.0,3.0,8.0,6.0,5.0,8.0,19.0,5.0,4.0,9.0,8.0,2.0,14.0,4.0,12.0,2.0,3.0,0.0,21.0,3.0,3.0,3.0,7.0,9.0,2.0,27.0,2.0,2.0,3.0,5.0,4.0,8.0,22.0,7.0,5.0,5.0,7.0,3.0,6.0,15.0,3.0,4.0,4.0,6.0,14.0,20.0,44.0,12.0,4.0,16.0,11.0,8.0,19.0,44.0,2.0,8.0,28.0,14.0,10.0,7.0,1.0,3.0,3.0,21.0,0.0,2.0,2.0,3.0,9.0,12.0,21.0,1.0,7.0,3.0,4.0,7.0,1.0,18.0,0.0,1.0,4.0,2.0,9.0,4.0,25.0,3.0,9.0,7.0,7.0,9.0,1.0,21.0,0.0,5.0,0.0,9.0,5.0,7.0,23.0,13.0,6.0,9.0,5.0,9.0,1.0,24.0,5.0,9.0,14.0,7.0,9.0,4.0,12.0,9.0,6.0,7.0,9.0,30.0,8.0,35.0,13.0,2.0,4.0,6.0,8.0,13.0,24.0,10.0,17.0,4.0,12.0,6.0,10.0,25.0,15.0,10.0,11.0,17.0,6.0,14.0,29.0,13.0,9.0,14.0,18.0,4.0,19.0,15.0,10.0,6.0,9.0,9.0,14.0,9.0,25.0,8.0,12.0,11.0,9.0,14.0,6.0,30.0,1.0,7.0,7.0,2.0,4.0,5.0,24.0,0.0,4.0,10.0,7.0,4.0,15.0,15.0,9.0,11.0,0.0,2.0,7.0,2.0,17.0,0.0,1.0,5.0,7.0,5.0,9.0,18.0,0.0,2.0,9.0,17.0,10.0,11.0,14.0,7.0,0.0,4.0,4.0,4.0,1.0,19.0,1.0,3.0,7.0,11.0,8.0,7.0,19.0,7.0,4.0,6.0,4.0,8.0,11.0,28.0,26.0,4.0,10.0,5.0,9.0,6.0,15.0,4.0,7.0,9.0,6.0,3.0,12.0,13.0,0.0,2.0,7.0,5.0,3.0,17.0,1.0,2.0,3.0,3.0,11.0,26.0,1.0,9.0,2.0,3.0,6.0,16.0,0.0,7.0,3.0,12.0,4.0,6.0,9.0,3.0,4.0,12.0,3.0,6.0,2.0,4.0,17.0,0.0,3.0,1.0,5.0,0.0,6.0,9.0,0.0,0.0,0.0,7.0,2.0,8.0,0.0,0.0,5.0,1.0,5.0,2.0,7.0,0.0,2.0,7.0,2.0,2.0,14.0,2.0,2.0,4.0,3.0,12.0,5.0,7.0,1.0,7.0,5.0,14.0,7.0,6.0,7.0,5.0,6.0,6.0,17.0,5.0,0.0,5.0,11.0,13.0,29.0,2.0,0.0,12.0,13.0,14.0,40.0,8.0,6.0,5.0,6.0,0.0,13.0,28.0,1.0,10.0,9.0,9.0,0.0,9.0,16.0,0.0,3.0,5.0,9.0,4.0,9.0,11.0,5.0,4.0,5.0,5.0,5.0,10.0,11.0,8.0,2.0,4.0,6.0,7.0,8.0,7.0,3.0,14.0,6.0,7.0,10.0,6.0,11.0,5.0,6.0,0.0,10.0,8.0,13.0,6.0,16.0,0.0,7.0,5.0,12.0,4.0,12.0,2.0,3.0,6.0,3.0,3.0,12.0,36.0,4.0,7.0,3.0,19.0,7.0,17.0,3.0,0.0,9.0,1.0,5.0,11.0,25.0,4.0,0.0,12.0,11.0,4.0,6.0,12.0,1.0,8.0,10.0,11.0,6.0,12.0,33.0,11.0,7.0,12.0,6.0,4.0,8.0,28.0,18.0,9.0,1.0,5.0,11.0,14.0,12.0,2.0,4.0,2.0,7.0,9.0,10.0,25.0,5.0,4.0,8.0,3.0,5.0,3.0,15.0,5.0,3.0,2.0,9.0,4.0,10.0,39.0,3.0,5.0,2.0,22.0,5.0,15.0,23.0,8.0,1.0,11.0,18.0,10.0,16.0,25.0,12.0,0.0,13.0,19.0,2.0,19.0,21.0,2.0,8.0,15.0,16.0,13.0,24.0,10.0,7.0,23.0,2.0,9.0,6.0,6.0,21.0,18.0,15.0,14.0,4.0,5.0,10.0,18.0,9.0,10.0,11.0,6.0,1.0,13.0,19.0,12.0,10.0,9.0,10.0,3.0,12.0,12.0,3.0,9.0,1.0,7.0,6.0,8.0,6.0,9.0,7.0,4.0,10.0,4.0,14.0,8.0,1.0,4.0,2.0,4.0,16.0,17.0,0.0,0.0,7.0,3.0,2.0,16.0,3.0,4.0,10.0,3.0,3.0
TRADITIONAL BAGUETTE,128.0,171.0,128.0,99.0,109.0,78.0,135.0,140.0,88.0,71.0,77.0,85.0,130.0,154.0,80.0,94.0,98.0,84.0,106.0,143.0,86.0,70.0,71.0,68.0,113.0,145.0,72.0,96.0,91.0,114.0,131.0,167.0,106.0,86.0,70.0,88.0,114.0,167.0,135.0,108.0,88.0,124.0,165.0,248.0,164.0,180.0,210.0,222.0,344.0,426.0,201.0,199.0,194.0,192.0,276.0,272.0,135.0,132.0,135.0,130.0,196.0,287.0,136.0,152.0,92.0,100.0,228.0,237.0,145.0,119.0,143.0,123.0,141.0,230.0,130.0,141.0,113.0,149.0,294.0,400.0,251.0,163.0,145.0,137.0,178.0,267.0,170.0,161.0,118.0,138.0,169.0,217.0,329.0,136.0,210.0,161.0,199.0,176.0,264.0,294.0,136.0,106.0,140.0,133.0,135.0,244.0,301.0,156.0,164.0,169.0,137.0,131.0,247.0,327.0,166.0,145.0,241.0,371.0,416.0,482.0,423.0,101.0,277.0,406.0,349.0,139.0,128.0,120.0,148.0,233.0,325.0,126.0,151.0,86.0,117.0,144.0,177.0,329.0,116.0,115.0,104.0,111.0,108.0,223.0,379.0,135.0,112.0,136.0,110.0,121.0,213.0,324.0,173.0,127.0,124.0,143.0,138.0,217.0,358.0,155.0,130.0,157.0,140.0,137.0,269.0,325.0,198.0,169.0,200.0,210.0,210.0,351.0,438.0,345.0,293.0,403.0,335.0,274.0,464.0,246.0,336.0,314.0,294.0,226.0,258.0,384.0,439.0,357.0,289.0,311.0,315.0,312.0,394.0,489.0,357.0,338.0,336.0,377.0,317.0,450.0,526.0,450.0,377.0,449.0,464.0,368.0,531.0,539.0,482.0,340.0,436.0,389.0,313.0,416.0,478.0,297.0,282.0,295.0,322.0,253.0,290.0,392.0,207.0,151.0,168.0,155.0,187.0,264.0,251.0,159.0,133.0,163.0,168.0,133.0,222.0,278.0,164.0,105.0,115.0,107.0,111.0,179.0,227.0,165.0,135.0,32.0,113.0,109.0,197.0,212.0,113.0,93.0,108.0,99.0,112.0,138.0,186.0,123.0,96.0,109.0,100.0,119.0,177.0,240.0,110.0,72.0,93.0,92.0,84.0,165.0,208.0,87.0,143.0,111.0,123.0,118.0,216.0,252.0,150.0,182.0,185.0,191.0,171.0,257.0,369.0,359.0,184.0,177.0,159.0,159.0,196.0,174.0,85.0,92.0,96.0,175.0,105.0,141.0,175.0,89.0,70.0,84.0,98.0,112.0,171.0,81.0,68.0,85.0,90.0,118.0,143.0,84.0,94.0,68.0,60.0,107.0,148.0,54.0,76.0,111.0,139.0,82.0,78.0,81.0,95.0,127.0,186.0,111.0,116.0,121.0,139.0,333.0,225.0,245.0,201.0,159.0,145.0,179.0,251.0,274.0,127.0,27.0,78.0,88.0,84.0,170.0,86.0,72.0,68.0,85.0,103.0,132.0,93.0,74.0,82.0,80.0,128.0,132.0,85.0,81.0,101.0,62.0,94.0,150.0,84.0,96.0,81.0,79.0,101.0,162.0,101.0,85.0,95.0,85.0,156.0,193.0,126.0,142.0,156.0,153.0,178.0,278.0,112.0,132.0,154.0,143.0,202.0,274.0,154.0,148.0,119.0,122.0,141.0,199.0,251.0,141.0,72.0,56.0,66.0,77.0,96.0,180.0,87.0,74.0,50.0,66.0,77.0,130.0,222.0,94.0,86.0,76.0,72.0,82.0,166.0,166.0,113.0,100.0,68.0,82.0,79.0,107.0,189.0,93.0,82.0,70.0,87.0,63.0,119.0,181.0,137.0,107.0,100.0,103.0,136.0,307.0,279.0,376.0,138.0,162.0,234.0,155.0,135.0,204.0,162.0,109.0,136.0,126.0,116.0,276.0,311.0,212.0,158.0,152.0,137.0,191.0,251.0,157.0,121.0,96.0,91.0,90.0,175.0,264.0,134.0,102.0,85.0,97.0,121.0,155.0,222.0,115.0,130.0,197.0,393.0,340.0,445.0,475.0,159.0,113.0,119.0,113.0,142.0,195.0,372.0,335.0,110.0,93.0,126.0,117.0,218.0,244.0,119.0,130.0,136.0,115.0,120.0,221.0,282.0,129.0,123.0,96.0,130.0,145.0,228.0,267.0,174.0,130.0,137.0,148.0,132.0,203.0,311.0,186.0,175.0,189.0,219.0,200.0,345.0,398.0,275.0,244.0,272.0,464.0,401.0,511.0,573.0,373.0,293.0,256.0,308.0,288.0,383.0,478.0,390.0,321.0,272.0,314.0,290.0,410.0,544.0,421.0,346.0,401.0,383.0,355.0,461.0,613.0,551.0,457.0,478.0,462.0,465.0,541.0,707.0,585.0,417.0,414.0,498.0,375.0,452.0,574.0,369.0,280.0,311.0,273.0,221.0,289.0,367.0,195.0,183.0,155.0,129.0,214.0,258.0,157.0,105.0,123.0,115.0,134.0,181.0,292.0,160.0,106.0,119.0,122.0,131.0,191.0,246.0,124.0,108.0,101.0,120.0,198.0,265.0,160.0,136.0,115.0,148.0,141.0
